trip_id,prediction_id,predicted_fuel,predicted_co2,eco_score,maintenance_risk,recommended_route,confidence
T000001,AI000001,28.61,77.6,90,Medium,Eco,85.9
T000002,AI000002,7.73,20.42,81,Low,Shortest,92.6
T000003,AI000003,16.19,45.24,73,Medium,Eco,95.6
T000004,AI000004,31.01,80.54,79,Medium,Eco,96.1
T000005,AI000005,2.92,7.66,81,Medium,Shortest,95.4
T000006,AI000006,35.26,87.17,79,Medium,Eco,86.1
T000007,AI000007,30.75,83.65,71,Medium,Eco,93.9
T000008,AI000008,6.32,16.98,88,High,Eco,87.1
T000009,AI000009,8.07,21.12,82,Low,Eco,88.7
T000010,AI000010,35.58,91.21,72,Medium,Shortest,94.3
T000011,AI000011,6.5,16.49,85,High,Fastest,92.8
T000012,AI000012,8.35,24.47,90,Medium,Fastest,91.5
T000013,AI000013,36.82,106.57,77,Medium,Shortest,97.5
T000014,AI000014,21.83,58.86,89,Low,Eco,85.6
T000015,AI000015,8.96,23.19,77,Low,Shortest,89.2
T000016,AI000016,22.55,56.73,82,Low,Shortest,92.2
T000017,AI000017,18.14,48.34,96,Low,Shortest,95.1
T000018,AI000018,32.99,83.73,79,Low,Shortest,97.4
T000019,AI000019,8.76,22.61,87,Medium,Shortest,90.4
T000020,AI000020,40.41,106.14,71,Low,Eco,86.9
T000021,AI000021,42.99,111.9,92,Medium,Eco,91.6
T000022,AI000022,9.03,23.75,85,Low,Eco,93.8
T000023,AI000023,56.64,147.62,94,Low,Shortest,97.2
T000024,AI000024,20.89,58.37,93,Low,Shortest,96.3
T000025,AI000025,8.78,23.72,99,Low,Shortest,89.0
T000026,AI000026,2.48,6.47,87,High,Shortest,94.7
T000027,AI000027,2.75,7.48,91,Low,Eco,98.5
T000028,AI000028,20.18,51.85,93,Low,Shortest,97.8
T000029,AI000029,15.33,44.84,79,Low,Shortest,92.6
T000030,AI000030,36.82,99.2,88,Low,Eco,87.5
T000031,AI000031,3.68,9.92,78,Low,Eco,93.2
T000032,AI000032,25.16,73.03,79,Medium,Shortest,88.1
T000033,AI000033,18.94,52.07,72,Low,Fastest,85.9
T000034,AI000034,33.46,86.15,74,Medium,Eco,91.4
T000035,AI000035,3.7,10.2,87,Medium,Eco,98.8
T000036,AI000036,19.79,54.69,91,Medium,Eco,94.1
T000037,AI000037,27.5,75.84,77,Medium,Shortest,87.2
T000038,AI000038,20.08,56.99,92,Medium,Shortest,95.4
T000039,AI000039,24.01,63.32,91,Medium,Eco,90.8
T000040,AI000040,23.95,64.82,74,Medium,Shortest,87.6
T000041,AI000041,30.5,81.42,90,Low,Eco,96.9
T000042,AI000042,13.8,38.43,80,High,Shortest,88.0
T000043,AI000043,21.95,59.89,79,High,Eco,92.2
T000044,AI000044,23.0,57.28,87,High,Shortest,95.1
T000045,AI000045,30.04,85.73,75,Medium,Shortest,92.7
T000046,AI000046,22.63,56.5,86,High,Shortest,85.8
T000047,AI000047,2.13,5.71,74,High,Eco,93.7
T000048,AI000048,38.67,100.26,71,Low,Eco,90.3
T000049,AI000049,20.21,57.89,92,Medium,Eco,88.8
T000050,AI000050,40.86,112.47,88,High,Eco,97.6
T000051,AI000051,33.67,91.88,82,High,Shortest,93.9
T000052,AI000052,8.08,20.31,74,Medium,Eco,96.0
T000053,AI000053,2.77,7.52,86,Low,Shortest,85.4
T000054,AI000054,19.33,52.66,75,Medium,Eco,89.2
T000055,AI000055,9.99,26.34,74,Low,Shortest,98.3
T000056,AI000056,10.38,29.67,80,Medium,Shortest,94.7
T000057,AI000057,34.52,91.31,93,Medium,Eco,87.9
T000058,AI000058,16.53,48.55,85,Low,Shortest,92.5
T000059,AI000059,26.29,68.4,82,High,Shortest,86.5
T000060,AI000060,15.52,43.88,73,Low,Eco,89.9
T000061,AI000061,19.04,54.91,90,Low,Eco,96.2
T000062,AI000062,16.72,47.57,76,Medium,Fastest,91.0
T000063,AI000063,4.07,11.59,86,Medium,Shortest,93.4
T000064,AI000064,6.68,18.27,75,Low,Eco,87.0
T000065,AI000065,7.34,21.0,89,Low,Eco,98.3
T000066,AI000066,28.96,73.28,71,Medium,Eco,92.5
T000067,AI000067,19.05,49.48,76,Low,Eco,95.3
T000068,AI000068,53.24,140.12,89,High,Shortest,96.4
T000069,AI000069,47.03,123.91,99,Medium,Eco,97.1
T000070,AI000070,17.32,46.6,90,Low,Eco,92.2
T000071,AI000071,17.03,43.88,83,Low,Eco,88.8
T000072,AI000072,11.52,33.23,84,Low,Shortest,98.9
T000073,AI000073,24.33,65.12,71,Medium,Eco,89.3
T000074,AI000074,16.17,43.85,97,Medium,Eco,86.9
T000075,AI000075,10.01,24.66,86,Medium,Shortest,93.5
T000076,AI000076,25.08,65.85,83,Medium,Shortest,88.5
T000077,AI000077,64.63,165.57,71,Medium,Shortest,90.4
T000078,AI000078,55.45,145.99,70,Medium,Eco,85.2
T000079,AI000079,10.07,27.19,78,High,Eco,86.1
T000080,AI000080,21.56,58.68,79,Medium,Shortest,94.2
T000081,AI000081,23.5,62.3,70,Low,Shortest,88.8
T000082,AI000082,21.21,57.52,91,Low,Eco,88.2
T000083,AI000083,4.35,11.3,80,Medium,Fastest,97.8
T000084,AI000084,13.55,37.82,79,Low,Shortest,86.2
T000085,AI000085,23.37,65.28,77,Medium,Eco,93.9
T000086,AI000086,35.54,87.71,78,Medium,Eco,97.9
T000087,AI000087,8.25,21.81,74,Low,Eco,88.7
T000088,AI000088,22.91,63.6,80,Low,Shortest,92.5
T000089,AI000089,6.58,18.07,82,Low,Fastest,94.5
T000090,AI000090,35.21,101.45,77,High,Eco,96.5
T000091,AI000091,15.44,44.65,95,Medium,Shortest,85.6
T000092,AI000092,28.49,71.7,84,Medium,Eco,93.6
T000093,AI000093,6.08,15.59,70,Medium,Shortest,90.0
T000094,AI000094,10.39,26.93,81,Medium,Fastest,98.6
T000095,AI000095,50.47,138.13,92,Medium,Eco,85.4
T000096,AI000096,25.65,69.77,77,Medium,Eco,91.7
T000097,AI000097,6.65,17.85,72,Medium,Shortest,98.2
T000098,AI000098,30.12,79.58,98,Medium,Eco,88.1
T000099,AI000099,15.23,42.28,99,Medium,Eco,89.6
T000100,AI000100,24.08,62.35,95,Low,Shortest,85.0
T000101,AI000101,39.09,99.33,84,Medium,Eco,89.1
T000102,AI000102,12.28,36.05,75,Low,Shortest,87.2
T000103,AI000103,15.12,40.3,72,Medium,Shortest,93.8
T000104,AI000104,21.07,53.04,90,Medium,Shortest,87.6
T000105,AI000105,25.07,68.13,83,Low,Eco,92.8
T000106,AI000106,33.72,89.88,88,Medium,Shortest,87.1
T000107,AI000107,5.84,16.69,99,Low,Eco,90.4
T000108,AI000108,2.15,5.86,73,Low,Eco,95.9
T000109,AI000109,15.8,42.62,82,Medium,Eco,97.5
T000110,AI000110,58.75,171.18,84,Medium,Shortest,95.2
T000111,AI000111,19.04,49.5,94,Low,Shortest,85.4
T000112,AI000112,4.51,11.48,70,Medium,Shortest,91.8
T000113,AI000113,5.87,15.63,76,Low,Eco,88.2
T000114,AI000114,24.0,60.72,89,Low,Shortest,98.5
T000115,AI000115,11.74,31.09,87,High,Eco,93.5
T000116,AI000116,17.5,49.91,98,Low,Eco,90.7
T000117,AI000117,11.86,32.98,91,Low,Eco,96.0
T000118,AI000118,8.83,23.1,77,Medium,Shortest,95.4
T000119,AI000119,24.15,62.28,97,Low,Fastest,92.4
T000120,AI000120,9.58,26.04,75,Low,Eco,85.8
T000121,AI000121,28.74,77.41,70,Medium,Shortest,87.8
T000122,AI000122,21.96,61.31,79,Low,Eco,96.5
T000123,AI000123,23.42,62.6,82,High,Eco,88.1
T000124,AI000124,13.15,35.14,71,Medium,Shortest,94.1
T000125,AI000125,8.29,21.51,86,Medium,Fastest,93.5
T000126,AI000126,10.13,25.55,83,Medium,Eco,85.6
T000127,AI000127,1.94,4.85,93,Low,Shortest,94.0
T000128,AI000128,14.86,37.31,94,Medium,Shortest,96.9
T000129,AI000129,4.25,11.22,85,High,Fastest,97.4
T000130,AI000130,8.2,21.93,70,Low,Eco,98.6
T000131,AI000131,4.83,12.92,91,Low,Shortest,92.3
T000132,AI000132,22.51,57.43,97,Low,Eco,97.2
T000133,AI000133,5.2,14.12,72,Low,Eco,89.4
T000134,AI000134,3.22,8.71,84,Medium,Eco,96.6
T000135,AI000135,20.37,57.31,95,Medium,Shortest,92.3
T000136,AI000136,23.28,59.18,84,Medium,Shortest,89.7
T000137,AI000137,35.98,95.54,85,Low,Shortest,94.7
T000138,AI000138,16.69,44.47,79,Medium,Eco,86.9
T000139,AI000139,25.96,71.89,92,Low,Shortest,92.1
T000140,AI000140,19.51,50.85,70,Low,Eco,85.7
T000141,AI000141,37.04,107.41,73,Medium,Eco,95.4
T000142,AI000142,22.68,63.06,91,Medium,Eco,85.8
T000143,AI000143,9.23,23.15,75,High,Eco,87.6
T000144,AI000144,15.14,42.49,71,Low,Eco,93.4
T000145,AI000145,35.15,95.36,72,Medium,Shortest,97.4
T000146,AI000146,21.95,57.19,89,Low,Shortest,94.6
T000147,AI000147,25.08,73.24,76,Medium,Eco,86.2
T000148,AI000148,3.89,10.48,93,Low,Eco,96.4
T000149,AI000149,22.55,58.35,78,Medium,Shortest,91.3
T000150,AI000150,1.99,4.92,95,Medium,Eco,93.5
T000151,AI000151,10.44,28.64,95,Low,Eco,90.2
T000152,AI000152,2.07,5.68,86,Medium,Shortest,87.6
T000153,AI000153,18.42,49.52,93,Medium,Eco,98.3
T000154,AI000154,17.27,46.21,81,High,Shortest,87.4
T000155,AI000155,47.81,123.27,90,Medium,Shortest,96.8
T000156,AI000156,8.73,23.39,87,Low,Eco,95.9
T000157,AI000157,18.4,49.68,74,Medium,Eco,87.5
T000158,AI000158,9.53,27.39,81,Medium,Shortest,97.9
T000159,AI000159,26.34,71.85,86,Medium,Shortest,98.6
T000160,AI000160,21.1,58.21,78,High,Eco,87.6
T000161,AI000161,24.21,69.4,70,Low,Eco,86.8
T000162,AI000162,5.76,15.57,72,Medium,Eco,93.5
T000163,AI000163,6.7,17.27,84,Medium,Eco,86.0
T000164,AI000164,33.12,86.18,98,Medium,Eco,95.5
T000165,AI000165,26.72,75.81,95,High,Eco,93.2
T000166,AI000166,4.6,12.32,82,Medium,Eco,94.6
T000167,AI000167,28.7,75.42,87,Low,Eco,87.5
T000168,AI000168,4.99,13.64,80,Low,Eco,94.8
T000169,AI000169,7.61,20.3,82,Low,Eco,94.2
T000170,AI000170,36.64,97.4,91,Medium,Shortest,88.3
T000171,AI000171,28.0,76.35,87,High,Eco,89.9
T000172,AI000172,27.94,79.88,95,Medium,Eco,97.3
T000173,AI000173,11.97,31.93,90,Low,Eco,94.8
T000174,AI000174,40.94,105.62,80,Medium,Shortest,97.5
T000175,AI000175,38.24,97.73,94,Medium,Shortest,97.9
T000176,AI000176,17.75,47.26,78,Medium,Eco,95.5
T000177,AI000177,3.71,9.63,91,Low,Shortest,93.1
T000178,AI000178,14.25,39.48,81,High,Shortest,91.3
T000179,AI000179,15.79,39.73,85,Medium,Eco,92.2
T000180,AI000180,8.35,21.32,81,High,Shortest,98.0
T000181,AI000181,24.02,62.33,72,Medium,Shortest,89.0
T000182,AI000182,22.09,59.04,78,Low,Shortest,90.5
T000183,AI000183,6.05,15.22,75,High,Eco,86.3
T000184,AI000184,46.1,130.0,84,Medium,Eco,86.8
T000185,AI000185,12.98,34.31,93,Medium,Eco,91.1
T000186,AI000186,13.74,37.29,70,Medium,Shortest,98.3
T000187,AI000187,18.53,52.05,90,Medium,Shortest,88.1
T000188,AI000188,23.41,64.96,89,Medium,Shortest,94.8
T000189,AI000189,1.89,5.11,70,Low,Shortest,89.8
T000190,AI000190,35.42,91.51,98,Medium,Shortest,96.6
T000191,AI000191,52.08,132.78,91,Medium,Eco,87.2
T000192,AI000192,33.76,86.65,95,Low,Eco,86.7
T000193,AI000193,26.3,72.65,94,Medium,Shortest,85.8
T000194,AI000194,6.91,19.18,78,Low,Shortest,94.9
T000195,AI000195,11.66,30.98,96,Low,Eco,90.1
T000196,AI000196,26.28,74.01,94,Low,Shortest,93.6
T000197,AI000197,43.95,113.22,88,Medium,Shortest,94.2
T000198,AI000198,8.34,20.76,87,Low,Fastest,96.5
T000199,AI000199,8.63,23.94,77,Low,Shortest,98.3
T000200,AI000200,15.61,42.47,87,High,Shortest,98.1
T000201,AI000201,18.19,49.62,93,Medium,Eco,98.5
T000202,AI000202,3.89,11.31,92,Medium,Shortest,92.2
T000203,AI000203,8.18,23.07,93,Low,Shortest,89.5
T000204,AI000204,45.11,115.7,99,Medium,Eco,95.5
T000205,AI000205,23.41,67.21,82,High,Shortest,93.1
T000206,AI000206,11.07,30.48,74,Medium,Eco,92.8
T000207,AI000207,3.7,9.69,81,Low,Eco,89.8
T000208,AI000208,13.04,32.46,71,Low,Fastest,98.0
T000209,AI000209,32.45,84.66,85,Medium,Eco,98.9
T000210,AI000210,9.97,26.39,97,Low,Shortest,97.1
T000211,AI000211,34.73,96.09,84,Medium,Shortest,85.3
T000212,AI000212,8.64,22.65,78,Low,Shortest,98.2
T000213,AI000213,5.91,15.74,80,Medium,Shortest,86.8
T000214,AI000214,6.11,16.35,80,Low,Shortest,92.5
T000215,AI000215,3.88,9.7,75,Low,Eco,93.6
T000216,AI000216,3.9,9.96,82,Medium,Eco,86.9
T000217,AI000217,47.59,125.44,84,High,Shortest,90.7
T000218,AI000218,19.71,49.6,87,Low,Eco,85.5
T000219,AI000219,13.27,34.79,98,Low,Eco,96.6
T000220,AI000220,15.82,44.19,92,Medium,Shortest,86.3
T000221,AI000221,44.49,124.14,86,Medium,Eco,90.3
T000222,AI000222,23.63,66.05,84,Medium,Shortest,87.5
T000223,AI000223,13.62,36.09,83,Low,Eco,93.4
T000224,AI000224,14.44,41.16,71,Medium,Shortest,98.9
T000225,AI000225,33.72,89.69,94,Medium,Shortest,85.9
T000226,AI000226,20.9,53.59,72,Medium,Eco,94.6
T000227,AI000227,20.04,52.97,75,High,Eco,94.9
T000228,AI000228,25.34,64.0,90,Medium,Eco,88.9
T000229,AI000229,1.91,5.46,99,Medium,Shortest,97.8
T000230,AI000230,25.15,64.71,87,Medium,Eco,93.1
T000231,AI000231,2.11,6.04,79,Medium,Eco,94.9
T000232,AI000232,12.83,34.35,99,Low,Eco,92.1
T000233,AI000233,41.52,102.92,71,High,Shortest,95.0
T000234,AI000234,23.96,64.09,70,Medium,Shortest,93.9
T000235,AI000235,13.29,37.9,86,Low,Shortest,92.6
T000236,AI000236,17.82,48.73,73,Low,Eco,86.2
T000237,AI000237,18.0,47.25,84,Medium,Eco,86.3
T000238,AI000238,13.7,35.15,85,High,Shortest,91.7
T000239,AI000239,4.38,11.59,83,Low,Shortest,88.4
T000240,AI000240,27.3,76.37,72,Medium,Eco,93.0
T000241,AI000241,5.98,15.96,82,Low,Shortest,94.0
T000242,AI000242,10.46,29.98,79,High,Shortest,89.3
T000243,AI000243,38.0,107.84,81,Medium,Shortest,97.1
T000244,AI000244,17.45,48.1,81,Low,Eco,89.0
T000245,AI000245,28.58,75.14,99,High,Eco,87.5
T000246,AI000246,10.71,28.44,87,Low,Eco,85.5
T000247,AI000247,15.98,42.85,89,Medium,Eco,91.6
T000248,AI000248,4.73,12.28,95,Medium,Shortest,87.3
T000249,AI000249,26.96,69.66,72,High,Shortest,86.9
T000250,AI000250,7.73,19.62,75,Medium,Eco,89.8
T000251,AI000251,13.28,36.53,71,Low,Eco,95.6
T000252,AI000252,12.78,35.19,83,Low,Shortest,98.0
T000253,AI000253,29.37,83.0,78,Medium,Eco,90.5
T000254,AI000254,11.14,30.12,73,Medium,Shortest,89.9
T000255,AI000255,31.3,77.99,91,Low,Eco,96.2
T000256,AI000256,40.47,107.49,94,High,Eco,90.4
T000257,AI000257,13.71,36.33,89,Low,Fastest,97.8
T000258,AI000258,12.65,33.09,80,Medium,Eco,85.1
T000259,AI000259,11.37,29.64,90,Medium,Eco,90.1
T000260,AI000260,8.82,23.01,72,Low,Eco,95.3
T000261,AI000261,12.02,32.22,93,Low,Shortest,86.7
T000262,AI000262,16.5,42.98,77,Low,Eco,86.8
T000263,AI000263,18.25,47.11,95,High,Shortest,90.6
T000264,AI000264,47.78,134.4,75,Medium,Eco,92.7
T000265,AI000265,27.1,79.63,92,Medium,Shortest,97.4
T000266,AI000266,9.95,25.15,75,Low,Eco,93.6
T000267,AI000267,3.02,8.06,90,Medium,Eco,88.9
T000268,AI000268,7.04,18.69,95,Low,Fastest,86.5
T000269,AI000269,33.41,92.49,98,Low,Eco,95.9
T000270,AI000270,6.37,18.45,84,Low,Shortest,90.2
T000271,AI000271,24.53,68.01,77,Medium,Fastest,87.2
T000272,AI000272,32.94,88.34,77,Medium,Eco,91.1
T000273,AI000273,64.28,171.37,95,Medium,Eco,91.3
T000274,AI000274,8.5,23.12,93,Low,Fastest,98.7
T000275,AI000275,35.01,88.75,71,High,Eco,95.5
T000276,AI000276,34.42,89.92,75,Low,Shortest,94.9
T000277,AI000277,13.75,35.44,83,High,Eco,85.9
T000278,AI000278,23.79,61.09,72,Medium,Shortest,89.0
T000279,AI000279,10.16,27.09,93,Medium,Shortest,89.1
T000280,AI000280,19.24,50.84,74,High,Shortest,96.0
T000281,AI000281,14.51,38.87,92,Medium,Eco,96.1
T000282,AI000282,15.82,44.64,87,Low,Eco,97.9
T000283,AI000283,5.45,14.31,88,Medium,Eco,96.2
T000284,AI000284,6.54,17.46,89,Medium,Shortest,93.2
T000285,AI000285,22.17,58.87,71,Low,Eco,90.6
T000286,AI000286,9.64,27.21,98,Low,Shortest,97.6
T000287,AI000287,13.11,37.47,78,Low,Shortest,92.8
T000288,AI000288,14.61,37.43,70,Low,Eco,89.2
T000289,AI000289,6.32,15.43,93,Low,Fastest,91.7
T000290,AI000290,18.51,50.75,81,Low,Shortest,88.8
T000291,AI000291,41.59,109.21,97,Low,Eco,96.2
T000292,AI000292,16.88,47.56,75,Medium,Shortest,87.2
T000293,AI000293,29.82,83.61,98,Low,Shortest,95.7
T000294,AI000294,5.52,15.29,73,Low,Shortest,95.8
T000295,AI000295,8.48,21.18,98,Medium,Shortest,94.4
T000296,AI000296,21.47,56.23,92,Low,Eco,87.4
T000297,AI000297,36.49,97.92,73,Medium,Shortest,91.5
T000298,AI000298,46.06,122.86,96,Medium,Eco,92.8
T000299,AI000299,28.06,70.95,74,Medium,Eco,94.7
T000300,AI000300,13.06,35.0,88,Low,Eco,98.2
T000301,AI000301,29.04,83.51,70,Medium,Eco,85.7
T000302,AI000302,39.41,99.56,91,High,Shortest,92.1
T000303,AI000303,48.75,132.57,91,High,Eco,87.3
T000304,AI000304,5.01,13.58,82,Low,Eco,89.9
T000305,AI000305,35.83,96.14,81,Medium,Eco,88.4
T000306,AI000306,15.55,40.47,98,Medium,Eco,85.3
T000307,AI000307,17.02,46.82,80,Low,Eco,89.2
T000308,AI000308,43.94,121.64,92,High,Shortest,93.3
T000309,AI000309,7.37,19.08,82,Low,Eco,92.2
T000310,AI000310,17.47,47.05,99,Medium,Eco,93.8
T000311,AI000311,21.88,58.75,75,Low,Eco,93.4
T000312,AI000312,35.07,93.77,78,Low,Eco,92.7
T000313,AI000313,41.0,103.73,96,Low,Shortest,88.3
T000314,AI000314,44.74,122.14,76,Low,Shortest,87.5
T000315,AI000315,16.91,45.47,95,Low,Shortest,91.7
T000316,AI000316,21.77,56.94,92,Medium,Eco,86.7
T000317,AI000317,8.73,24.57,90,Low,Shortest,88.8
T000318,AI000318,14.53,39.93,96,Low,Shortest,89.6
T000319,AI000319,15.56,39.77,77,Low,Shortest,98.6
T000320,AI000320,14.85,40.68,75,Low,Shortest,98.2
T000321,AI000321,49.13,129.37,81,High,Fastest,86.6
T000322,AI000322,39.92,103.08,97,High,Shortest,88.0
T000323,AI000323,53.97,145.57,72,Low,Shortest,86.9
T000324,AI000324,16.05,41.13,81,Medium,Shortest,98.5
T000325,AI000325,30.01,83.1,80,High,Eco,86.3
T000326,AI000326,36.53,99.33,78,Medium,Eco,91.1
T000327,AI000327,26.74,73.8,75,Low,Eco,91.1
T000328,AI000328,14.03,37.54,86,Low,Shortest,97.5
T000329,AI000329,45.67,122.39,82,High,Eco,98.0
T000330,AI000330,27.62,76.19,80,High,Eco,97.7
T000331,AI000331,25.36,67.31,72,High,Eco,87.3
T000332,AI000332,9.32,25.68,76,Low,Eco,97.4
T000333,AI000333,19.2,53.81,91,Medium,Fastest,94.6
T000334,AI000334,30.62,80.2,71,Low,Eco,97.8
T000335,AI000335,22.4,64.61,84,Low,Shortest,96.8
T000336,AI000336,22.83,60.35,89,High,Eco,86.5
T000337,AI000337,16.07,43.15,82,Low,Eco,86.8
T000338,AI000338,2.96,8.5,74,Low,Eco,85.3
T000339,AI000339,2.88,7.54,97,Medium,Fastest,98.7
T000340,AI000340,19.15,50.77,72,Medium,Shortest,90.8
T000341,AI000341,46.94,125.64,99,Medium,Eco,97.9
T000342,AI000342,27.18,68.52,85,High,Shortest,87.8
T000343,AI000343,9.41,26.96,98,Low,Shortest,96.3
T000344,AI000344,13.35,35.63,97,Medium,Shortest,94.4
T000345,AI000345,26.84,73.65,99,Medium,Eco,95.2
T000346,AI000346,29.93,74.27,96,Medium,Shortest,89.0
T000347,AI000347,32.85,88.49,86,High,Eco,98.2
T000348,AI000348,15.93,39.52,88,High,Shortest,98.7
T000349,AI000349,19.92,54.67,98,Low,Eco,96.0
T000350,AI000350,11.57,28.92,72,Medium,Eco,89.4
T000351,AI000351,25.86,71.57,90,Medium,Shortest,86.7
T000352,AI000352,17.84,49.0,93,Low,Shortest,89.6
T000353,AI000353,18.33,48.74,86,Low,Shortest,92.8
T000354,AI000354,18.67,47.17,92,Medium,Eco,86.7
T000355,AI000355,9.98,27.06,81,Medium,Eco,89.2
T000356,AI000356,40.89,112.18,97,Medium,Shortest,91.7
T000357,AI000357,24.03,61.11,93,Medium,Shortest,96.2
T000358,AI000358,3.25,8.58,95,Low,Eco,92.9
T000359,AI000359,15.98,42.53,96,Low,Shortest,91.2
T000360,AI000360,18.88,49.3,75,Low,Shortest,87.2
T000361,AI000361,5.12,14.69,98,Medium,Eco,87.8
T000362,AI000362,13.48,38.55,78,Low,Eco,94.5
T000363,AI000363,23.11,61.22,99,Low,Shortest,85.6
T000364,AI000364,36.33,92.09,75,Low,Eco,92.9
T000365,AI000365,28.3,73.58,94,Medium,Shortest,88.8
T000366,AI000366,50.15,139.71,92,High,Eco,95.7
T000367,AI000367,2.39,6.28,94,Low,Eco,86.7
T000368,AI000368,8.25,23.84,81,Low,Shortest,91.9
T000369,AI000369,30.89,81.84,72,Medium,Eco,95.4
T000370,AI000370,58.36,161.06,71,Medium,Fastest,96.8
T000371,AI000371,11.55,31.2,80,Low,Shortest,96.3
T000372,AI000372,9.81,26.65,96,Medium,Fastest,86.5
T000373,AI000373,20.04,53.58,71,Medium,Eco,97.5
T000374,AI000374,11.01,29.76,73,Medium,Shortest,88.3
T000375,AI000375,26.73,75.32,72,High,Fastest,97.7
T000376,AI000376,28.24,76.64,90,Medium,Shortest,93.2
T000377,AI000377,27.71,72.57,76,Medium,Shortest,96.0
T000378,AI000378,18.84,54.56,99,Low,Eco,88.1
T000379,AI000379,10.0,24.66,70,Low,Eco,85.4
T000380,AI000380,52.09,131.48,76,Low,Shortest,96.8
T000381,AI000381,47.39,130.51,95,Medium,Shortest,97.3
T000382,AI000382,8.65,22.79,97,High,Shortest,96.1
T000383,AI000383,6.51,16.69,82,Medium,Eco,90.2
T000384,AI000384,22.7,58.86,71,High,Eco,97.5
T000385,AI000385,15.22,41.73,77,Low,Shortest,91.5
T000386,AI000386,36.88,96.05,72,Low,Eco,92.2
T000387,AI000387,7.98,22.51,91,Low,Shortest,94.9
T000388,AI000388,36.93,102.24,74,Low,Eco,88.2
T000389,AI000389,35.51,95.35,97,High,Shortest,90.2
T000390,AI000390,10.18,29.47,99,Low,Eco,98.7
T000391,AI000391,10.73,27.88,79,Medium,Eco,86.5
T000392,AI000392,14.55,38.71,81,Low,Eco,87.4
T000393,AI000393,32.19,85.0,75,Medium,Shortest,98.1
T000394,AI000394,3.73,9.95,84,Low,Shortest,85.5
T000395,AI000395,21.31,59.7,83,Medium,Shortest,97.8
T000396,AI000396,48.19,133.71,73,Medium,Eco,95.6
T000397,AI000397,10.65,28.71,76,Medium,Eco,85.2
T000398,AI000398,30.94,83.09,75,Medium,Eco,86.4
T000399,AI000399,48.38,131.9,87,Medium,Shortest,94.8
T000400,AI000400,27.2,71.9,72,Medium,Shortest,85.4
T000401,AI000401,55.06,150.94,87,High,Eco,93.7
T000402,AI000402,23.6,68.2,90,Medium,Shortest,85.6
T000403,AI000403,21.46,57.41,94,Medium,Shortest,89.6
T000404,AI000404,33.81,97.63,73,Low,Eco,95.3
T000405,AI000405,19.22,47.81,80,Medium,Eco,92.3
T000406,AI000406,38.26,97.76,97,Medium,Shortest,89.5
T000407,AI000407,61.5,168.86,76,Medium,Shortest,86.1
T000408,AI000408,11.19,28.89,81,Medium,Eco,87.3
T000409,AI000409,5.4,14.69,89,Medium,Eco,92.7
T000410,AI000410,13.28,35.74,70,Low,Shortest,95.2
T000411,AI000411,17.59,43.65,94,Low,Shortest,95.8
T000412,AI000412,4.8,12.18,92,High,Eco,94.8
T000413,AI000413,10.17,26.38,92,Low,Shortest,92.3
T000414,AI000414,9.05,22.49,88,Low,Eco,88.8
T000415,AI000415,56.5,153.62,75,High,Eco,94.9
T000416,AI000416,31.41,83.27,84,Medium,Shortest,86.5
T000417,AI000417,7.48,21.49,70,Low,Shortest,96.0
T000418,AI000418,15.67,41.74,98,Low,Shortest,96.4
T000419,AI000419,25.98,70.24,70,High,Shortest,97.2
T000420,AI000420,21.5,57.45,96,High,Eco,93.9
T000421,AI000421,15.26,41.82,92,Low,Shortest,97.3
T000422,AI000422,21.44,55.08,76,Low,Eco,94.8
T000423,AI000423,37.66,105.09,93,Medium,Eco,96.1
T000424,AI000424,9.82,26.03,72,Medium,Eco,89.8
T000425,AI000425,15.16,41.14,80,High,Shortest,98.1
T000426,AI000426,15.57,39.54,79,Medium,Eco,94.3
T000427,AI000427,31.36,81.34,95,High,Shortest,96.6
T000428,AI000428,21.82,57.26,91,Medium,Eco,95.6
T000429,AI000429,28.14,78.11,88,Medium,Eco,94.7
T000430,AI000430,28.95,73.69,71,High,Eco,98.6
T000431,AI000431,25.72,70.31,75,Low,Eco,90.3
T000432,AI000432,25.75,70.83,77,Medium,Shortest,93.0
T000433,AI000433,15.92,46.44,95,Low,Eco,90.7
T000434,AI000434,19.3,50.9,70,Low,Shortest,96.2
T000435,AI000435,17.0,42.09,91,Medium,Shortest,89.2
T000436,AI000436,17.94,51.69,77,Medium,Eco,87.0
T000437,AI000437,6.13,15.63,72,Low,Eco,91.0
T000438,AI000438,35.86,102.65,80,Medium,Eco,85.4
T000439,AI000439,37.26,93.65,70,Medium,Shortest,98.7
T000440,AI000440,15.12,40.74,98,Low,Eco,89.5
T000441,AI000441,30.08,75.25,93,Medium,Shortest,94.9
T000442,AI000442,21.03,56.04,96,Medium,Eco,93.9
T000443,AI000443,3.9,11.15,95,Low,Fastest,94.5
T000444,AI000444,3.61,10.33,91,Medium,Eco,93.5
T000445,AI000445,3.52,9.2,99,Low,Shortest,96.6
T000446,AI000446,2.02,5.4,97,Low,Eco,90.0
T000447,AI000447,45.06,126.17,74,High,Shortest,97.8
T000448,AI000448,19.87,52.1,74,Medium,Eco,91.1
T000449,AI000449,7.63,20.48,73,Medium,Eco,92.7
T000450,AI000450,21.46,59.58,94,Medium,Eco,85.7
T000451,AI000451,12.01,33.9,97,Low,Eco,88.5
T000452,AI000452,23.93,65.99,78,Medium,Eco,91.0
T000453,AI000453,11.33,30.78,79,High,Shortest,90.1
T000454,AI000454,5.89,15.91,85,Low,Shortest,89.3
T000455,AI000455,11.18,31.48,74,Medium,Shortest,93.4
T000456,AI000456,18.89,52.08,87,Medium,Eco,85.6
T000457,AI000457,15.09,37.98,78,Low,Eco,89.1
T000458,AI000458,19.28,50.79,89,High,Shortest,87.6
T000459,AI000459,19.38,51.14,77,Medium,Shortest,88.3
T000460,AI000460,8.87,24.4,81,Low,Shortest,98.2
T000461,AI000461,31.66,82.76,91,Medium,Shortest,95.1
T000462,AI000462,20.84,57.44,83,High,Fastest,97.6
T000463,AI000463,16.01,42.64,91,Medium,Fastest,86.0
T000464,AI000464,39.92,105.91,96,Medium,Eco,86.9
T000465,AI000465,23.99,68.44,98,Low,Eco,89.3
T000466,AI000466,39.89,102.07,70,Low,Shortest,88.2
T000467,AI000467,11.86,29.73,72,Low,Shortest,86.7
T000468,AI000468,20.3,51.94,73,Medium,Eco,94.3
T000469,AI000469,53.28,145.26,96,High,Shortest,93.1
T000470,AI000470,19.24,50.83,77,Low,Shortest,92.7
T000471,AI000471,23.36,66.77,81,Medium,Eco,98.4
T000472,AI000472,13.23,38.5,92,Medium,Eco,95.3
T000473,AI000473,22.11,62.31,96,Medium,Shortest,95.7
T000474,AI000474,18.48,53.28,86,Low,Shortest,90.5
T000475,AI000475,17.08,42.04,76,Low,Eco,85.8
T000476,AI000476,26.53,69.99,73,Medium,Eco,93.4
T000477,AI000477,17.22,49.5,88,Medium,Shortest,98.8
T000478,AI000478,28.78,75.36,91,Medium,Shortest,90.7
T000479,AI000479,26.31,65.12,92,Low,Shortest,96.3
T000480,AI000480,35.63,91.9,76,Medium,Eco,86.0
T000481,AI000481,36.57,90.75,78,Medium,Shortest,89.9
T000482,AI000482,28.86,76.37,79,High,Eco,97.0
T000483,AI000483,5.72,13.98,95,Low,Eco,96.5
T000484,AI000484,16.35,44.61,98,Medium,Shortest,86.2
T000485,AI000485,5.0,13.06,74,Low,Shortest,94.0
T000486,AI000486,41.66,108.78,78,Low,Eco,87.5
T000487,AI000487,19.05,55.36,80,Low,Eco,87.8
T000488,AI000488,12.7,33.55,74,Low,Eco,98.8
T000489,AI000489,52.93,140.67,90,Medium,Eco,98.6
T000490,AI000490,31.06,78.59,96,Low,Eco,89.2
T000491,AI000491,41.97,105.63,99,Medium,Shortest,91.0
T000492,AI000492,10.75,26.84,90,Medium,Eco,98.1
T000493,AI000493,16.73,43.86,73,Low,Eco,98.3
T000494,AI000494,28.35,75.66,83,High,Shortest,85.1
T000495,AI000495,23.51,61.98,89,High,Shortest,96.6
T000496,AI000496,31.72,89.07,82,Medium,Eco,96.7
T000497,AI000497,2.0,5.08,93,Medium,Fastest,93.9
T000498,AI000498,6.98,18.16,90,Low,Eco,86.6
T000499,AI000499,3.46,10.11,72,Low,Shortest,90.9
T000500,AI000500,3.7,9.55,70,Low,Fastest,95.4
T000501,AI000501,28.58,76.15,92,Medium,Shortest,88.8
T000502,AI000502,29.07,76.95,82,Medium,Eco,96.1
T000503,AI000503,34.26,93.27,98,Medium,Shortest,91.3
T000504,AI000504,26.91,70.35,77,Medium,Shortest,94.2
T000505,AI000505,20.64,56.58,76,High,Shortest,86.4
T000506,AI000506,34.16,95.8,71,Medium,Eco,86.7
T000507,AI000507,28.88,77.56,71,Low,Shortest,85.2
T000508,AI000508,14.67,40.36,84,Medium,Eco,98.5
T000509,AI000509,44.86,128.21,95,Low,Eco,98.9
T000510,AI000510,56.67,151.36,84,Medium,Eco,89.5
T000511,AI000511,26.95,75.24,77,High,Eco,95.7
T000512,AI000512,17.49,47.89,96,Low,Shortest,91.8
T000513,AI000513,28.82,77.75,89,Low,Eco,95.9
T000514,AI000514,36.97,92.35,70,Low,Eco,92.4
T000515,AI000515,25.22,65.38,82,Medium,Shortest,87.7
T000516,AI000516,14.76,38.23,87,Low,Shortest,88.2
T000517,AI000517,6.92,18.9,99,Low,Eco,91.7
T000518,AI000518,5.94,17.51,98,Low,Fastest,94.5
T000519,AI000519,33.39,86.3,74,Medium,Shortest,89.3
T000520,AI000520,22.4,60.51,98,Medium,Shortest,86.6
T000521,AI000521,6.78,17.7,76,Medium,Shortest,87.7
T000522,AI000522,5.78,15.07,86,Low,Shortest,96.7
T000523,AI000523,11.25,30.26,79,Low,Shortest,85.9
T000524,AI000524,38.39,103.93,79,Low,Shortest,98.4
T000525,AI000525,37.72,98.95,98,Low,Shortest,97.9
T000526,AI000526,18.53,48.58,88,Low,Shortest,92.6
T000527,AI000527,18.03,46.0,99,High,Shortest,98.4
T000528,AI000528,10.69,27.63,82,Medium,Fastest,91.5
T000529,AI000529,27.61,75.24,73,Medium,Eco,94.4
T000530,AI000530,8.56,21.99,72,Medium,Shortest,93.5
T000531,AI000531,2.94,7.63,77,Low,Eco,96.5
T000532,AI000532,4.31,11.34,91,Low,Fastest,91.9
T000533,AI000533,16.99,46.92,90,Low,Shortest,93.7
T000534,AI000534,3.58,9.28,74,Low,Shortest,95.1
T000535,AI000535,26.72,69.17,75,Medium,Eco,98.0
T000536,AI000536,24.87,66.73,99,Low,Shortest,89.5
T000537,AI000537,47.06,123.36,93,Low,Eco,95.7
T000538,AI000538,5.83,15.49,75,Medium,Fastest,96.3
T000539,AI000539,5.13,13.06,91,Low,Shortest,94.0
T000540,AI000540,12.98,33.26,86,Low,Shortest,86.7
T000541,AI000541,40.03,98.12,88,Medium,Shortest,98.0
T000542,AI000542,12.91,34.87,94,Medium,Eco,87.9
T000543,AI000543,14.9,38.53,93,Low,Shortest,85.5
T000544,AI000544,21.63,59.86,91,Medium,Shortest,85.3
T000545,AI000545,24.51,67.32,71,Low,Shortest,86.3
T000546,AI000546,2.12,5.71,89,Low,Fastest,99.0
T000547,AI000547,6.21,16.42,81,Medium,Shortest,97.2
T000548,AI000548,15.03,42.41,76,Low,Eco,95.1
T000549,AI000549,2.06,6.0,82,Low,Shortest,97.1
T000550,AI000550,25.28,66.73,80,Medium,Shortest,88.0
T000551,AI000551,13.88,37.6,88,Medium,Shortest,87.3
T000552,AI000552,9.94,26.78,89,Medium,Shortest,88.8
T000553,AI000553,10.54,28.32,81,Low,Shortest,96.8
T000554,AI000554,32.89,81.84,90,Low,Shortest,97.2
T000555,AI000555,21.83,58.74,78,Low,Shortest,96.8
T000556,AI000556,5.9,16.22,91,Low,Eco,94.0
T000557,AI000557,25.8,68.59,74,Medium,Shortest,86.5
T000558,AI000558,14.8,39.79,88,Low,Shortest,93.8
T000559,AI000559,18.84,47.68,95,Low,Eco,91.4
T000560,AI000560,4.74,12.02,96,Low,Shortest,88.4
T000561,AI000561,14.65,40.79,76,Medium,Shortest,85.2
T000562,AI000562,4.17,11.18,82,Medium,Shortest,86.8
T000563,AI000563,37.48,101.55,83,Low,Shortest,94.8
T000564,AI000564,30.32,81.84,88,Medium,Eco,88.3
T000565,AI000565,16.11,43.41,89,Medium,Shortest,89.9
T000566,AI000566,40.19,105.7,87,Medium,Eco,85.4
T000567,AI000567,56.02,145.32,84,High,Shortest,95.0
T000568,AI000568,20.97,56.68,80,Medium,Shortest,93.8
T000569,AI000569,12.32,31.79,88,Medium,Shortest,94.4
T000570,AI000570,29.53,79.61,89,High,Eco,87.5
T000571,AI000571,13.8,38.14,82,Low,Shortest,92.6
T000572,AI000572,41.21,117.15,92,Medium,Shortest,96.8
T000573,AI000573,15.9,41.52,95,Medium,Eco,90.6
T000574,AI000574,38.34,96.06,89,High,Eco,86.8
T000575,AI000575,19.19,53.73,96,Medium,Eco,97.0
T000576,AI000576,15.68,43.24,71,High,Shortest,89.2
T000577,AI000577,20.8,58.24,92,Medium,Shortest,85.3
T000578,AI000578,22.6,60.12,78,High,Fastest,91.6
T000579,AI000579,10.32,27.54,84,High,Shortest,98.7
T000580,AI000580,6.94,19.94,85,Low,Eco,86.2
T000581,AI000581,38.3,101.73,97,Low,Eco,94.7
T000582,AI000582,17.74,46.99,86,Low,Shortest,87.3
T000583,AI000583,22.17,60.08,79,Medium,Eco,88.8
T000584,AI000584,10.07,27.32,93,Medium,Fastest,87.3
T000585,AI000585,3.04,7.84,89,Medium,Eco,87.2
T000586,AI000586,3.72,9.74,78,Low,Shortest,94.0
T000587,AI000587,7.88,21.7,89,Low,Eco,97.2
T000588,AI000588,3.93,11.51,74,Medium,Fastest,91.0
T000589,AI000589,23.94,62.61,89,Low,Eco,98.2
T000590,AI000590,32.75,90.9,84,Low,Eco,95.2
T000591,AI000591,10.18,28.16,73,Medium,Shortest,92.0
T000592,AI000592,34.19,92.19,89,Medium,Shortest,91.9
T000593,AI000593,13.38,37.4,71,Medium,Eco,94.9
T000594,AI000594,41.12,117.74,83,Low,Fastest,85.9
T000595,AI000595,14.61,39.51,70,Low,Eco,92.8
T000596,AI000596,56.95,158.31,94,Medium,Shortest,88.0
T000597,AI000597,26.25,75.17,75,High,Eco,92.9
T000598,AI000598,46.15,128.82,86,Medium,Eco,94.6
T000599,AI000599,14.66,41.8,87,Medium,Eco,86.3
T000600,AI000600,17.96,48.6,98,Low,Eco,94.8
T000601,AI000601,40.61,105.5,89,Low,Shortest,93.1
T000602,AI000602,25.5,69.27,86,Low,Eco,91.0
T000603,AI000603,9.56,27.25,72,High,Eco,96.2
T000604,AI000604,41.29,104.48,87,High,Shortest,91.7
T000605,AI000605,9.38,26.79,74,Low,Eco,97.6
T000606,AI000606,17.33,46.31,96,Low,Shortest,93.4
T000607,AI000607,4.32,11.78,91,Low,Shortest,88.7
T000608,AI000608,34.61,95.18,82,Low,Eco,85.2
T000609,AI000609,43.11,117.87,81,Medium,Eco,98.7
T000610,AI000610,30.49,84.84,81,Medium,Eco,94.6
T000611,AI000611,13.5,36.48,93,Low,Eco,95.3
T000612,AI000612,7.4,19.35,71,Low,Shortest,90.2
T000613,AI000613,15.63,45.96,78,Low,Eco,95.4
T000614,AI000614,22.58,62.26,83,Low,Eco,94.6
T000615,AI000615,31.95,88.53,90,Medium,Eco,88.1
T000616,AI000616,20.44,55.23,80,High,Shortest,89.8
T000617,AI000617,30.34,80.76,81,Medium,Eco,95.5
T000618,AI000618,48.35,117.59,79,Low,Eco,91.9
T000619,AI000619,22.86,58.77,81,High,Eco,97.6
T000620,AI000620,23.69,61.26,84,Medium,Eco,87.2
T000621,AI000621,26.19,71.8,89,Medium,Shortest,93.5
T000622,AI000622,17.74,48.42,82,Low,Eco,97.1
T000623,AI000623,14.95,41.11,77,Low,Shortest,91.2
T000624,AI000624,28.16,74.99,83,Low,Shortest,97.1
T000625,AI000625,26.33,70.67,93,Medium,Shortest,90.6
T000626,AI000626,9.11,25.85,95,Low,Eco,88.7
T000627,AI000627,13.4,35.97,71,High,Eco,92.3
T000628,AI000628,8.55,22.58,93,Low,Eco,87.1
T000629,AI000629,12.05,31.19,85,Medium,Shortest,98.6
T000630,AI000630,31.04,91.33,80,Medium,Eco,87.9
T000631,AI000631,8.69,24.4,82,Medium,Eco,98.3
T000632,AI000632,3.98,10.58,77,Low,Fastest,91.4
T000633,AI000633,6.45,17.92,88,Low,Fastest,86.4
T000634,AI000634,10.15,27.42,88,Low,Fastest,95.1
T000635,AI000635,11.88,31.2,90,High,Shortest,97.1
T000636,AI000636,11.97,31.08,94,Medium,Shortest,89.3
T000637,AI000637,23.27,63.71,99,High,Shortest,93.0
T000638,AI000638,12.05,31.73,93,Medium,Shortest,98.1
T000639,AI000639,11.11,32.71,71,Medium,Eco,94.0
T000640,AI000640,32.85,89.62,95,High,Shortest,92.0
T000641,AI000641,16.23,42.45,77,Low,Eco,93.2
T000642,AI000642,11.17,29.23,96,Low,Shortest,93.3
T000643,AI000643,18.7,48.16,97,High,Eco,95.5
T000644,AI000644,11.25,31.08,82,Low,Shortest,96.6
T000645,AI000645,26.54,71.84,88,Medium,Eco,95.9
T000646,AI000646,36.28,98.22,74,Medium,Eco,86.0
T000647,AI000647,19.25,55.37,88,High,Eco,92.5
T000648,AI000648,48.2,134.47,71,High,Shortest,89.9
T000649,AI000649,11.09,32.08,84,Medium,Eco,85.4
T000650,AI000650,10.66,26.89,94,Medium,Fastest,98.2
T000651,AI000651,34.05,91.61,97,Medium,Eco,90.0
T000652,AI000652,58.57,158.72,88,Medium,Eco,92.3
T000653,AI000653,21.53,62.26,74,Medium,Shortest,87.5
T000654,AI000654,17.47,48.98,93,Low,Eco,85.7
T000655,AI000655,6.49,17.3,98,Low,Fastest,86.9
T000656,AI000656,12.35,34.43,95,Medium,Fastest,94.2
T000657,AI000657,14.33,39.57,94,Medium,Shortest,90.9
T000658,AI000658,35.92,103.96,75,Medium,Fastest,85.2
T000659,AI000659,39.32,106.97,80,Low,Eco,89.8
T000660,AI000660,24.28,68.61,73,Medium,Shortest,96.6
T000661,AI000661,16.35,46.27,94,Medium,Eco,95.3
T000662,AI000662,20.15,53.91,96,Medium,Shortest,92.6
T000663,AI000663,16.0,39.03,78,Medium,Eco,94.4
T000664,AI000664,24.92,64.51,81,High,Shortest,98.5
T000665,AI000665,15.09,41.43,89,Low,Shortest,94.2
T000666,AI000666,3.01,8.36,88,Medium,Shortest,94.7
T000667,AI000667,35.03,89.03,90,High,Shortest,96.8
T000668,AI000668,21.56,55.7,83,Medium,Eco,86.5
T000669,AI000669,13.77,40.26,77,Medium,Eco,94.4
T000670,AI000670,23.01,57.57,75,Medium,Shortest,98.2
T000671,AI000671,39.25,100.5,92,Low,Shortest,95.8
T000672,AI000672,18.95,51.4,96,Medium,Shortest,96.6
T000673,AI000673,27.13,73.45,81,Medium,Eco,89.5
T000674,AI000674,29.92,81.8,81,Low,Shortest,97.9
T000675,AI000675,35.0,101.94,70,Medium,Shortest,96.7
T000676,AI000676,3.37,9.04,83,Low,Eco,93.1
T000677,AI000677,33.51,82.73,97,Medium,Shortest,96.1
T000678,AI000678,10.03,27.16,71,Low,Eco,91.1
T000679,AI000679,18.78,47.05,78,Low,Eco,95.0
T000680,AI000680,9.67,26.99,91,High,Shortest,97.1
T000681,AI000681,34.1,89.6,75,Medium,Eco,94.1
T000682,AI000682,16.0,40.12,79,High,Eco,94.9
T000683,AI000683,6.66,18.99,71,Medium,Shortest,94.6
T000684,AI000684,16.69,42.78,76,Low,Shortest,97.2
T000685,AI000685,26.01,69.08,73,Low,Shortest,86.5
T000686,AI000686,13.45,36.61,91,Medium,Shortest,89.7
T000687,AI000687,50.32,142.8,99,Medium,Shortest,93.1
T000688,AI000688,13.83,35.75,70,Low,Shortest,89.5
T000689,AI000689,45.81,120.65,75,Medium,Shortest,95.3
T000690,AI000690,2.96,8.2,99,Medium,Eco,91.4
T000691,AI000691,7.88,21.49,98,Medium,Fastest,96.4
T000692,AI000692,24.0,66.18,90,Low,Eco,98.2
T000693,AI000693,8.7,22.74,91,Low,Eco,86.0
T000694,AI000694,10.17,26.57,88,Medium,Eco,95.7
T000695,AI000695,4.58,11.5,94,Low,Eco,88.4
T000696,AI000696,26.23,71.32,97,Medium,Shortest,89.9
T000697,AI000697,27.57,68.16,77,High,Shortest,89.0
T000698,AI000698,27.0,78.92,91,Low,Shortest,90.3
T000699,AI000699,22.31,61.61,82,Low,Shortest,88.3
T000700,AI000700,53.23,141.07,81,High,Shortest,91.0
T000701,AI000701,5.73,16.14,84,Low,Shortest,89.6
T000702,AI000702,25.59,65.68,74,Medium,Shortest,92.6
T000703,AI000703,11.14,27.24,76,High,Eco,94.3
T000704,AI000704,13.15,32.72,99,Medium,Shortest,93.5
T000705,AI000705,7.77,20.72,76,Low,Shortest,90.1
T000706,AI000706,31.89,92.48,83,Low,Eco,92.7
T000707,AI000707,37.73,101.15,94,Medium,Shortest,94.6
T000708,AI000708,24.24,66.08,82,Medium,Shortest,98.9
T000709,AI000709,17.71,46.92,86,Low,Eco,97.7
T000710,AI000710,13.36,34.65,91,Medium,Fastest,92.7
T000711,AI000711,10.94,29.29,86,Medium,Eco,94.9
T000712,AI000712,20.42,50.13,74,Medium,Eco,86.0
T000713,AI000713,8.66,24.09,84,Low,Eco,96.0
T000714,AI000714,24.92,63.15,71,Low,Shortest,90.4
T000715,AI000715,26.55,71.32,74,Medium,Shortest,98.6
T000716,AI000716,8.97,24.59,76,Low,Shortest,96.5
T000717,AI000717,49.4,128.2,91,Medium,Shortest,85.2
T000718,AI000718,21.74,60.93,81,Low,Eco,95.7
T000719,AI000719,28.41,73.77,94,Medium,Eco,98.3
T000720,AI000720,15.03,42.2,78,Medium,Shortest,85.3
T000721,AI000721,7.56,22.18,72,Low,Eco,91.7
T000722,AI000722,9.83,26.31,89,Medium,Shortest,88.9
T000723,AI000723,3.14,8.64,85,Low,Fastest,89.8
T000724,AI000724,16.63,44.49,70,High,Eco,97.3
T000725,AI000725,17.83,46.15,94,Medium,Shortest,88.5
T000726,AI000726,9.45,24.88,99,Medium,Eco,86.7
T000727,AI000727,30.39,86.79,94,Low,Shortest,90.2
T000728,AI000728,20.57,54.94,70,Medium,Shortest,97.1
T000729,AI000729,3.12,8.61,88,Low,Shortest,85.8
T000730,AI000730,7.95,21.89,72,Medium,Fastest,92.6
T000731,AI000731,23.02,64.28,87,Medium,Eco,94.0
T000732,AI000732,53.75,140.86,70,Medium,Shortest,94.8
T000733,AI000733,41.49,108.44,70,Low,Eco,93.7
T000734,AI000734,8.38,22.03,84,High,Shortest,94.4
T000735,AI000735,4.19,11.47,96,Medium,Fastest,91.5
T000736,AI000736,25.31,64.22,80,Medium,Shortest,93.4
T000737,AI000737,27.5,75.44,78,Medium,Shortest,91.2
T000738,AI000738,32.95,83.25,78,High,Shortest,86.7
T000739,AI000739,7.27,20.76,76,Medium,Shortest,94.5
T000740,AI000740,14.87,40.66,95,Medium,Eco,94.4
T000741,AI000741,3.51,9.44,79,Medium,Eco,93.4
T000742,AI000742,31.87,84.37,79,Medium,Shortest,95.5
T000743,AI000743,17.48,43.69,71,Low,Shortest,97.9
T000744,AI000744,47.55,122.01,86,Medium,Eco,85.1
T000745,AI000745,5.22,13.18,81,Medium,Eco,94.6
T000746,AI000746,22.02,57.76,79,High,Eco,89.2
T000747,AI000747,3.24,9.3,83,Low,Fastest,90.6
T000748,AI000748,16.65,44.18,85,Medium,Eco,95.8
T000749,AI000749,34.81,89.02,93,Medium,Shortest,97.9
T000750,AI000750,12.91,34.3,91,Low,Eco,91.2
T000751,AI000751,28.91,79.69,97,Medium,Shortest,89.1
T000752,AI000752,23.6,64.18,80,Low,Eco,96.8
T000753,AI000753,12.26,33.47,81,Low,Shortest,86.5
T000754,AI000754,5.42,14.58,88,Medium,Shortest,87.8
T000755,AI000755,15.89,39.71,71,Low,Shortest,86.6
T000756,AI000756,24.68,65.87,87,Low,Shortest,92.6
T000757,AI000757,28.74,75.95,78,Medium,Eco,95.5
T000758,AI000758,31.41,85.63,98,High,Eco,97.2
T000759,AI000759,4.11,11.29,78,Low,Eco,96.3
T000760,AI000760,33.09,89.18,88,Medium,Eco,89.7
T000761,AI000761,17.67,45.81,81,Medium,Eco,96.6
T000762,AI000762,20.02,52.45,95,High,Eco,92.3
T000763,AI000763,19.8,54.37,78,Low,Shortest,92.5
T000764,AI000764,21.71,56.05,96,Medium,Shortest,92.9
T000765,AI000765,6.39,17.53,71,Medium,Shortest,86.5
T000766,AI000766,3.01,7.9,89,Low,Fastest,95.5
T000767,AI000767,7.25,20.75,78,Low,Shortest,86.3
T000768,AI000768,44.5,119.13,84,Medium,Shortest,86.4
T000769,AI000769,25.68,66.24,95,Medium,Eco,89.5
T000770,AI000770,14.34,36.27,80,High,Eco,88.8
T000771,AI000771,24.1,64.83,85,High,Shortest,91.2
T000772,AI000772,10.12,26.22,71,Medium,Eco,85.7
T000773,AI000773,44.82,127.06,78,Medium,Eco,90.7
T000774,AI000774,3.33,9.45,76,Low,Shortest,86.1
T000775,AI000775,14.32,37.77,78,Medium,Shortest,92.0
T000776,AI000776,41.52,114.13,92,Low,Eco,94.0
T000777,AI000777,20.6,56.22,86,Low,Eco,93.1
T000778,AI000778,18.83,54.59,82,Medium,Shortest,90.2
T000779,AI000779,24.16,62.25,74,High,Eco,97.7
T000780,AI000780,33.51,89.6,99,Medium,Eco,97.2
T000781,AI000781,26.69,66.34,73,High,Eco,95.0
T000782,AI000782,20.04,56.33,73,Low,Eco,91.1
T000783,AI000783,37.63,108.94,72,Medium,Eco,88.9
T000784,AI000784,22.28,60.12,97,Medium,Shortest,95.2
T000785,AI000785,5.12,13.68,98,Low,Eco,93.8
T000786,AI000786,17.26,43.42,93,Low,Shortest,98.3
T000787,AI000787,21.63,56.94,93,Low,Shortest,92.9
T000788,AI000788,5.34,13.67,81,Medium,Shortest,88.3
T000789,AI000789,13.41,34.87,72,Medium,Shortest,85.1
T000790,AI000790,3.16,8.03,98,Low,Shortest,86.4
T000791,AI000791,9.23,22.91,89,Low,Eco,85.9
T000792,AI000792,19.6,52.41,86,Medium,Shortest,94.1
T000793,AI000793,17.99,45.95,73,Low,Eco,87.1
T000794,AI000794,10.7,29.67,76,Medium,Eco,85.5
T000795,AI000795,25.47,67.05,97,High,Eco,86.9
T000796,AI000796,18.3,51.5,74,Medium,Shortest,88.4
T000797,AI000797,25.64,71.05,86,Low,Eco,87.1
T000798,AI000798,23.75,65.03,71,Medium,Shortest,85.3
T000799,AI000799,15.94,42.35,82,Low,Shortest,92.4
T000800,AI000800,11.88,33.28,95,Medium,Eco,95.8
T000801,AI000801,8.31,20.86,83,High,Eco,94.1
T000802,AI000802,20.74,55.2,99,High,Eco,99.0
T000803,AI000803,3.37,9.63,94,High,Eco,92.2
T000804,AI000804,35.32,94.56,72,Medium,Eco,87.0
T000805,AI000805,30.28,80.91,82,High,Shortest,87.7
T000806,AI000806,8.81,22.59,71,Medium,Eco,87.6
T000807,AI000807,52.88,145.18,88,Medium,Shortest,91.9
T000808,AI000808,10.08,27.92,92,Medium,Shortest,99.0
T000809,AI000809,16.17,43.99,99,Low,Eco,93.4
T000810,AI000810,46.09,130.65,87,Medium,Eco,96.4
T000811,AI000811,40.03,107.48,88,Medium,Eco,97.5
T000812,AI000812,5.6,14.71,73,Low,Fastest,91.6
T000813,AI000813,2.25,5.74,76,Low,Eco,90.4
T000814,AI000814,16.63,42.13,76,Medium,Eco,94.7
T000815,AI000815,35.61,100.94,78,Medium,Fastest,85.0
T000816,AI000816,7.92,21.41,91,Low,Eco,88.9
T000817,AI000817,23.54,64.27,75,Medium,Shortest,95.5
T000818,AI000818,17.36,45.42,90,Low,Shortest,87.8
T000819,AI000819,26.57,74.22,73,Low,Eco,90.2
T000820,AI000820,28.23,74.99,87,Low,Shortest,96.2
T000821,AI000821,41.0,116.06,93,High,Eco,94.7
T000822,AI000822,14.04,36.81,85,Low,Shortest,98.4
T000823,AI000823,29.34,80.92,84,Low,Eco,88.1
T000824,AI000824,36.61,97.07,73,Low,Eco,96.1
T000825,AI000825,22.39,63.1,99,Low,Eco,85.0
T000826,AI000826,18.57,48.8,75,Low,Eco,87.8
T000827,AI000827,10.56,29.03,96,Low,Shortest,90.3
T000828,AI000828,7.63,19.38,92,Medium,Fastest,92.8
T000829,AI000829,5.05,13.93,99,Medium,Shortest,87.7
T000830,AI000830,17.51,46.17,90,High,Shortest,95.3
T000831,AI000831,4.69,12.03,78,Low,Fastest,86.9
T000832,AI000832,40.47,110.78,72,High,Eco,91.5
T000833,AI000833,2.71,7.3,88,Low,Eco,94.6
T000834,AI000834,24.26,65.8,86,Medium,Fastest,95.5
T000835,AI000835,23.6,67.09,86,Medium,Shortest,89.4
T000836,AI000836,42.72,116.28,86,High,Shortest,90.3
T000837,AI000837,12.34,32.49,71,Medium,Shortest,85.7
T000838,AI000838,10.23,27.25,78,Medium,Eco,97.5
T000839,AI000839,23.12,64.4,86,Low,Eco,90.6
T000840,AI000840,21.93,58.08,74,Low,Shortest,95.2
T000841,AI000841,31.65,88.23,94,Medium,Eco,87.6
T000842,AI000842,6.45,17.07,79,Medium,Eco,98.4
T000843,AI000843,8.94,24.16,91,Low,Fastest,85.5
T000844,AI000844,26.36,75.09,95,Medium,Eco,86.3
T000845,AI000845,2.54,6.92,80,Medium,Eco,97.4
T000846,AI000846,24.76,65.1,70,Medium,Shortest,87.9
T000847,AI000847,16.28,43.03,93,Medium,Shortest,86.7
T000848,AI000848,12.09,31.69,88,Low,Shortest,92.5
T000849,AI000849,4.64,12.31,72,Low,Eco,88.9
T000850,AI000850,23.29,63.32,80,Low,Eco,98.1
T000851,AI000851,31.29,79.63,82,Low,Shortest,96.5
T000852,AI000852,49.28,128.12,75,Medium,Shortest,86.5
T000853,AI000853,9.04,24.84,95,Medium,Shortest,95.9
T000854,AI000854,5.04,13.23,92,Medium,Eco,96.5
T000855,AI000855,11.65,31.07,89,Low,Fastest,95.7
T000856,AI000856,39.47,110.36,79,High,Eco,97.4
T000857,AI000857,22.56,62.74,83,Medium,Shortest,85.3
T000858,AI000858,12.66,33.21,86,High,Eco,89.6
T000859,AI000859,25.73,69.13,92,Low,Shortest,91.1
T000860,AI000860,25.81,69.15,83,Medium,Shortest,97.9
T000861,AI000861,21.3,60.48,73,Low,Shortest,95.9
T000862,AI000862,16.8,48.17,86,Medium,Shortest,90.5
T000863,AI000863,14.94,38.75,90,Low,Eco,89.1
T000864,AI000864,7.1,20.17,77,Low,Eco,88.8
T000865,AI000865,2.8,7.52,70,Low,Eco,95.4
T000866,AI000866,34.22,87.45,76,High,Shortest,91.4
T000867,AI000867,9.51,27.56,99,Medium,Shortest,86.4
T000868,AI000868,22.17,56.01,76,Medium,Shortest,86.0
T000869,AI000869,37.99,109.29,77,Medium,Eco,94.5
T000870,AI000870,26.71,74.58,96,Medium,Shortest,96.6
T000871,AI000871,26.58,71.99,77,Low,Eco,97.3
T000872,AI000872,13.15,34.42,99,Low,Eco,91.7
T000873,AI000873,15.02,42.39,75,Medium,Shortest,93.8
T000874,AI000874,27.09,72.02,90,Medium,Eco,98.7
T000875,AI000875,18.49,49.96,75,Low,Shortest,96.9
T000876,AI000876,19.58,52.19,72,Low,Eco,89.0
T000877,AI000877,40.09,105.32,94,High,Shortest,85.4
T000878,AI000878,15.93,44.8,99,Low,Eco,92.0
T000879,AI000879,63.1,176.77,77,High,Eco,94.7
T000880,AI000880,31.85,87.65,94,Medium,Eco,96.9
T000881,AI000881,33.35,87.09,93,Medium,Eco,96.1
T000882,AI000882,21.93,55.95,99,High,Shortest,87.3
T000883,AI000883,16.53,42.82,70,Medium,Shortest,92.3
T000884,AI000884,16.48,45.28,98,Low,Shortest,86.0
T000885,AI000885,16.45,44.53,80,Low,Shortest,86.5
T000886,AI000886,33.35,86.32,80,Low,Fastest,98.4
T000887,AI000887,27.58,77.37,92,Medium,Eco,91.6
T000888,AI000888,18.34,49.16,83,High,Shortest,98.4
T000889,AI000889,18.94,47.75,90,Medium,Eco,93.2
T000890,AI000890,22.85,67.07,70,Medium,Shortest,87.2
T000891,AI000891,51.73,143.52,71,Medium,Shortest,93.9
T000892,AI000892,9.49,26.32,99,High,Eco,91.3
T000893,AI000893,2.59,7.35,92,Low,Shortest,95.3
T000894,AI000894,21.92,58.14,85,Low,Shortest,95.0
T000895,AI000895,32.94,86.48,81,High,Eco,88.7
T000896,AI000896,11.79,30.57,87,Medium,Eco,91.2
T000897,AI000897,9.95,26.26,88,Low,Eco,88.0
T000898,AI000898,55.26,139.95,81,Medium,Shortest,96.1
T000899,AI000899,5.39,13.73,70,Low,Eco,88.7
T000900,AI000900,41.01,109.77,72,Medium,Eco,89.6
T000901,AI000901,13.41,35.55,91,Medium,Shortest,96.1
T000902,AI000902,15.88,42.04,84,Low,Shortest,92.1
T000903,AI000903,27.11,79.98,77,Medium,Eco,86.1
T000904,AI000904,31.22,83.26,88,Low,Shortest,94.3
T000905,AI000905,33.42,87.93,89,Low,Eco,90.6
T000906,AI000906,22.1,63.26,91,Medium,Eco,86.6
T000907,AI000907,44.16,110.01,89,Medium,Eco,88.0
T000908,AI000908,17.28,49.48,79,Medium,Eco,86.3
T000909,AI000909,28.7,82.61,88,Medium,Shortest,96.9
T000910,AI000910,24.99,65.69,96,High,Eco,88.2
T000911,AI000911,19.94,52.42,93,Low,Eco,87.0
T000912,AI000912,10.4,28.55,83,Medium,Fastest,85.3
T000913,AI000913,9.43,25.67,71,Low,Eco,86.7
T000914,AI000914,12.94,36.65,77,Low,Shortest,96.8
T000915,AI000915,16.58,45.44,78,Low,Shortest,87.3
T000916,AI000916,31.96,83.63,76,Medium,Shortest,90.7
T000917,AI000917,8.36,23.55,75,Low,Shortest,87.8
T000918,AI000918,17.2,47.05,91,Low,Shortest,90.6
T000919,AI000919,48.69,143.46,82,High,Eco,86.4
T000920,AI000920,6.16,17.61,88,Low,Eco,95.8
T000921,AI000921,2.93,7.77,95,Low,Shortest,94.1
T000922,AI000922,16.59,45.25,79,Medium,Eco,97.7
T000923,AI000923,23.42,65.86,86,Medium,Fastest,93.3
T000924,AI000924,37.73,105.44,98,Medium,Eco,86.5
T000925,AI000925,27.26,73.54,88,Medium,Eco,92.1
T000926,AI000926,27.69,73.95,79,Low,Fastest,87.3
T000927,AI000927,23.94,63.93,87,High,Shortest,91.6
T000928,AI000928,8.18,21.9,96,Low,Shortest,96.1
T000929,AI000929,26.51,68.52,73,Medium,Eco,96.1
T000930,AI000930,34.22,96.41,81,Medium,Eco,93.1
T000931,AI000931,18.33,48.31,86,Low,Eco,85.9
T000932,AI000932,5.23,14.55,88,Medium,Eco,92.5
T000933,AI000933,40.03,109.41,72,High,Eco,86.0
T000934,AI000934,16.67,47.0,98,Low,Shortest,87.6
T000935,AI000935,10.03,26.82,73,Low,Shortest,94.1
T000936,AI000936,33.03,87.6,88,Medium,Eco,85.6
T000937,AI000937,12.35,34.07,90,Low,Eco,92.6
T000938,AI000938,39.13,108.94,95,Medium,Eco,86.5
T000939,AI000939,25.52,70.97,83,Medium,Shortest,85.9
T000940,AI000940,39.55,101.36,89,Low,Shortest,93.0
T000941,AI000941,13.84,37.32,71,Medium,Eco,88.7
T000942,AI000942,32.42,89.71,89,Medium,Eco,86.8
T000943,AI000943,5.85,15.58,89,Low,Shortest,98.0
T000944,AI000944,10.06,27.95,89,Low,Eco,85.4
T000945,AI000945,24.05,70.54,87,Medium,Eco,91.6
T000946,AI000946,45.35,128.9,95,Medium,Shortest,93.9
T000947,AI000947,12.13,31.84,94,Medium,Eco,91.5
T000948,AI000948,5.38,15.36,83,Medium,Eco,94.1
T000949,AI000949,6.89,17.23,87,Low,Fastest,95.2
T000950,AI000950,13.32,35.76,96,Medium,Shortest,90.3
T000951,AI000951,15.91,44.65,76,Medium,Eco,93.5
T000952,AI000952,30.61,88.92,84,Low,Shortest,89.0
T000953,AI000953,24.47,65.95,92,High,Shortest,93.4
T000954,AI000954,21.43,59.85,86,Low,Shortest,97.2
T000955,AI000955,42.91,123.81,91,Medium,Shortest,90.3
T000956,AI000956,13.98,36.41,95,High,Eco,98.7
T000957,AI000957,13.15,34.87,73,Low,Eco,88.2
T000958,AI000958,27.01,71.69,70,Medium,Eco,96.4
T000959,AI000959,45.39,116.01,85,Medium,Shortest,96.0
T000960,AI000960,42.76,109.81,75,Medium,Shortest,96.4
T000961,AI000961,8.42,22.12,98,Low,Shortest,97.8
T000962,AI000962,2.26,6.09,70,Low,Shortest,95.6
T000963,AI000963,19.47,52.26,87,High,Eco,97.6
T000964,AI000964,27.84,72.62,98,High,Eco,94.7
T000965,AI000965,26.32,72.75,82,High,Shortest,98.7
T000966,AI000966,34.48,92.08,74,Medium,Shortest,90.4
T000967,AI000967,4.25,12.34,80,Medium,Eco,86.0
T000968,AI000968,34.61,94.58,96,Medium,Shortest,91.1
T000969,AI000969,36.45,93.7,92,Medium,Eco,88.9
T000970,AI000970,33.72,85.11,71,High,Eco,92.3
T000971,AI000971,3.55,9.12,81,Medium,Shortest,94.8
T000972,AI000972,8.22,23.86,93,Medium,Eco,98.3
T000973,AI000973,5.71,14.27,92,Low,Eco,97.3
T000974,AI000974,47.55,121.85,74,High,Eco,88.9
T000975,AI000975,28.41,80.51,94,High,Shortest,88.6
T000976,AI000976,42.7,120.4,96,Medium,Shortest,97.2
T000977,AI000977,14.67,38.94,99,High,Eco,87.7
T000978,AI000978,22.9,59.63,96,High,Shortest,94.9
T000979,AI000979,15.59,45.73,98,Low,Eco,85.6
T000980,AI000980,9.29,25.12,74,Medium,Shortest,94.9
T000981,AI000981,25.63,67.43,72,Medium,Shortest,87.6
T000982,AI000982,63.66,172.45,93,Medium,Eco,98.5
T000983,AI000983,30.4,82.18,99,Low,Eco,95.4
T000984,AI000984,2.77,7.35,70,Low,Shortest,86.8
T000985,AI000985,5.61,15.65,77,Low,Fastest,92.9
T000986,AI000986,17.2,45.94,87,Medium,Eco,92.7
T000987,AI000987,17.04,43.29,92,Medium,Eco,85.3
T000988,AI000988,18.09,47.56,82,Low,Shortest,86.5
T000989,AI000989,30.42,75.32,93,High,Shortest,85.6
T000990,AI000990,28.65,71.08,82,Medium,Eco,88.1
T000991,AI000991,9.77,27.71,94,Medium,Fastest,87.3
T000992,AI000992,1.98,5.7,98,Medium,Eco,93.3
T000993,AI000993,6.52,17.42,91,Medium,Fastest,89.9
T000994,AI000994,2.56,6.93,80,Low,Shortest,86.1
T000995,AI000995,43.05,118.69,92,High,Eco,85.9
T000996,AI000996,36.84,104.7,75,Medium,Fastest,87.5
T000997,AI000997,37.86,102.22,99,Medium,Shortest,95.5
T000998,AI000998,3.73,10.43,74,Medium,Fastest,86.8
T000999,AI000999,41.21,113.24,71,Medium,Shortest,90.5
T001000,AI001000,17.41,46.37,70,Low,Eco,98.9
T001001,AI001001,8.92,25.55,78,Medium,Shortest,92.6
T001002,AI001002,16.22,45.05,98,Low,Shortest,96.8
T001003,AI001003,11.21,29.87,79,Medium,Fastest,94.2
T001004,AI001004,23.83,61.78,75,Medium,Eco,91.1
T001005,AI001005,25.86,65.41,86,High,Fastest,97.4
T001006,AI001006,26.28,71.0,78,Low,Eco,92.8
T001007,AI001007,29.77,79.78,71,High,Eco,86.1
T001008,AI001008,45.31,122.2,84,Medium,Eco,95.0
T001009,AI001009,20.26,52.54,86,High,Eco,91.0
T001010,AI001010,2.32,6.39,94,Medium,Eco,87.0
T001011,AI001011,4.24,11.77,73,Low,Shortest,90.4
T001012,AI001012,42.63,121.27,84,High,Eco,88.1
T001013,AI001013,16.93,45.27,81,Low,Shortest,91.3
T001014,AI001014,34.12,92.23,75,Medium,Eco,85.4
T001015,AI001015,33.68,92.86,73,High,Eco,94.0
T001016,AI001016,17.59,42.89,99,Medium,Shortest,97.0
T001017,AI001017,14.33,37.4,73,Low,Shortest,92.4
T001018,AI001018,8.39,20.58,90,Low,Eco,95.2
T001019,AI001019,10.65,28.89,77,Medium,Shortest,87.7
T001020,AI001020,26.66,72.03,71,Low,Shortest,86.3
T001021,AI001021,17.39,46.49,73,Low,Eco,86.4
T001022,AI001022,4.01,10.43,80,Low,Fastest,86.8
T001023,AI001023,18.16,47.29,92,Low,Shortest,93.8
T001024,AI001024,11.36,32.49,95,Low,Shortest,97.1
T001025,AI001025,12.65,32.44,87,Low,Shortest,94.1
T001026,AI001026,42.26,114.92,91,Medium,Eco,85.9
T001027,AI001027,16.31,46.86,91,High,Fastest,91.0
T001028,AI001028,33.36,85.14,74,Medium,Eco,87.4
T001029,AI001029,6.07,15.76,89,Medium,Shortest,92.4
T001030,AI001030,5.01,13.36,94,Medium,Eco,98.4
T001031,AI001031,8.81,23.55,94,Medium,Eco,89.3
T001032,AI001032,15.79,41.13,82,Medium,Fastest,92.9
T001033,AI001033,4.96,12.94,79,High,Eco,93.3
T001034,AI001034,11.39,31.6,85,Low,Eco,93.2
T001035,AI001035,27.17,70.82,81,High,Shortest,95.1
T001036,AI001036,23.1,61.52,88,Medium,Shortest,90.5
T001037,AI001037,21.48,54.84,73,Medium,Eco,98.0
T001038,AI001038,28.8,76.15,75,Medium,Shortest,85.7
T001039,AI001039,24.83,65.03,84,Low,Shortest,94.7
T001040,AI001040,32.22,90.44,74,Medium,Shortest,88.4
T001041,AI001041,53.47,132.7,94,Medium,Eco,95.3
T001042,AI001042,29.87,79.06,95,Medium,Eco,93.5
T001043,AI001043,13.36,34.01,76,Low,Eco,87.7
T001044,AI001044,12.6,34.43,91,Low,Shortest,93.1
T001045,AI001045,23.8,60.26,97,Medium,Fastest,95.5
T001046,AI001046,24.93,70.48,71,Low,Shortest,92.5
T001047,AI001047,21.8,60.34,74,Medium,Eco,85.1
T001048,AI001048,17.09,47.15,73,Medium,Fastest,96.0
T001049,AI001049,16.58,44.86,71,Low,Shortest,97.7
T001050,AI001050,18.1,53.1,88,Medium,Shortest,86.3
T001051,AI001051,57.79,144.72,99,Low,Eco,93.9
T001052,AI001052,26.98,72.28,99,High,Shortest,96.0
T001053,AI001053,7.01,19.14,93,High,Shortest,98.3
T001054,AI001054,12.6,36.1,92,Low,Fastest,96.3
T001055,AI001055,2.82,7.52,89,Medium,Eco,94.7
T001056,AI001056,8.21,21.17,70,Low,Eco,87.1
T001057,AI001057,27.98,72.42,79,Low,Eco,91.2
T001058,AI001058,16.96,44.37,82,Medium,Shortest,89.9
T001059,AI001059,17.97,46.55,80,Low,Eco,88.8
T001060,AI001060,30.45,87.78,74,High,Shortest,90.2
T001061,AI001061,24.52,65.34,82,Medium,Eco,88.4
T001062,AI001062,41.17,111.78,87,Medium,Eco,87.7
T001063,AI001063,10.74,31.09,73,Low,Eco,90.2
T001064,AI001064,21.94,57.06,94,High,Eco,92.4
T001065,AI001065,22.25,59.57,85,High,Shortest,92.3
T001066,AI001066,11.22,29.14,79,Low,Eco,86.6
T001067,AI001067,15.8,45.64,79,Low,Fastest,98.1
T001068,AI001068,32.63,92.33,73,Medium,Eco,85.3
T001069,AI001069,4.12,10.65,73,Medium,Eco,93.8
T001070,AI001070,19.47,52.12,71,Low,Shortest,90.6
T001071,AI001071,47.4,122.01,93,Low,Eco,89.7
T001072,AI001072,26.64,66.07,91,Low,Eco,87.8
T001073,AI001073,36.12,92.46,82,Low,Fastest,85.6
T001074,AI001074,30.67,89.04,92,Medium,Eco,98.6
T001075,AI001075,31.48,78.88,82,Medium,Eco,94.7
T001076,AI001076,47.34,131.74,80,Medium,Eco,93.4
T001077,AI001077,19.49,50.44,88,Low,Fastest,95.7
T001078,AI001078,25.41,72.81,76,High,Eco,96.9
T001079,AI001079,43.0,107.5,88,High,Eco,88.7
T001080,AI001080,19.35,51.29,89,High,Fastest,96.8
T001081,AI001081,7.63,21.51,87,Medium,Eco,93.3
T001082,AI001082,9.28,25.3,91,Low,Fastest,90.5
T001083,AI001083,6.78,17.14,84,Medium,Shortest,96.8
T001084,AI001084,28.36,81.04,83,Medium,Eco,86.7
T001085,AI001085,16.35,45.42,96,Medium,Eco,89.2
T001086,AI001086,15.17,43.46,73,Medium,Eco,89.6
T001087,AI001087,3.22,8.28,77,Low,Eco,89.6
T001088,AI001088,20.71,59.3,98,Low,Eco,85.0
T001089,AI001089,3.87,9.91,83,Medium,Eco,94.0
T001090,AI001090,19.88,49.38,73,Low,Shortest,91.8
T001091,AI001091,54.44,148.35,94,Medium,Eco,88.0
T001092,AI001092,22.72,61.45,98,Medium,Shortest,85.5
T001093,AI001093,8.81,23.8,75,Medium,Fastest,92.2
T001094,AI001094,29.32,82.65,80,Medium,Eco,91.2
T001095,AI001095,27.67,74.56,79,High,Shortest,92.0
T001096,AI001096,28.11,75.25,98,Medium,Shortest,96.1
T001097,AI001097,6.17,16.42,91,Low,Shortest,87.3
T001098,AI001098,10.08,27.86,96,Medium,Eco,95.1
T001099,AI001099,27.99,75.72,84,Medium,Eco,91.5
T001100,AI001100,18.05,45.34,80,High,Shortest,96.1
T001101,AI001101,23.99,67.65,80,Medium,Shortest,86.6
T001102,AI001102,42.77,114.48,84,High,Shortest,85.7
T001103,AI001103,7.13,19.59,94,Low,Shortest,98.5
T001104,AI001104,45.58,129.8,74,Low,Shortest,89.3
T001105,AI001105,17.98,48.98,71,High,Eco,88.0
T001106,AI001106,27.66,78.87,86,High,Shortest,90.6
T001107,AI001107,2.84,7.17,80,Low,Shortest,88.4
T001108,AI001108,20.11,53.75,97,Medium,Eco,93.3
T001109,AI001109,13.02,35.16,92,Low,Shortest,93.9
T001110,AI001110,51.74,145.81,76,High,Shortest,87.0
T001111,AI001111,20.85,57.0,99,Low,Eco,90.8
T001112,AI001112,8.3,21.36,97,Medium,Eco,96.6
T001113,AI001113,21.01,55.26,94,Low,Shortest,95.9
T001114,AI001114,18.83,47.9,79,Medium,Eco,85.2
T001115,AI001115,23.09,61.51,74,High,Shortest,96.0
T001116,AI001116,22.67,61.6,78,High,Eco,85.8
T001117,AI001117,32.47,87.81,79,Low,Shortest,97.9
T001118,AI001118,18.23,47.75,81,Medium,Eco,96.8
T001119,AI001119,26.33,72.38,76,Low,Shortest,85.2
T001120,AI001120,52.79,136.23,87,Medium,Shortest,85.1
T001121,AI001121,29.32,76.42,94,Medium,Shortest,91.3
T001122,AI001122,3.38,9.7,78,Low,Eco,95.8
T001123,AI001123,20.76,58.86,74,Medium,Eco,89.1
T001124,AI001124,9.95,27.94,84,Low,Shortest,90.3
T001125,AI001125,3.96,10.52,70,Medium,Eco,88.8
T001126,AI001126,23.82,65.49,75,Low,Eco,97.3
T001127,AI001127,20.94,53.92,78,Medium,Eco,88.6
T001128,AI001128,10.53,27.11,82,Medium,Eco,95.2
T001129,AI001129,31.78,83.14,71,Medium,Shortest,86.6
T001130,AI001130,52.49,130.01,70,Medium,Shortest,85.0
T001131,AI001131,24.17,64.91,70,Low,Eco,93.0
T001132,AI001132,16.03,44.55,99,Medium,Shortest,96.6
T001133,AI001133,17.11,44.83,77,Medium,Eco,85.3
T001134,AI001134,26.77,74.27,87,Medium,Shortest,94.7
T001135,AI001135,49.98,132.8,83,Medium,Eco,91.3
T001136,AI001136,40.22,108.69,98,Medium,Shortest,85.2
T001137,AI001137,13.61,39.27,74,Low,Eco,89.9
T001138,AI001138,7.55,18.34,79,Low,Shortest,93.7
T001139,AI001139,26.76,76.61,98,Low,Eco,97.4
T001140,AI001140,30.7,78.73,93,Medium,Shortest,87.8
T001141,AI001141,22.69,59.04,80,Low,Eco,97.8
T001142,AI001142,12.89,31.86,89,Medium,Eco,88.3
T001143,AI001143,9.67,25.71,75,Medium,Shortest,95.6
T001144,AI001144,37.09,101.05,97,High,Eco,98.8
T001145,AI001145,23.68,62.2,83,Medium,Eco,89.2
T001146,AI001146,15.38,41.03,72,Medium,Shortest,91.1
T001147,AI001147,8.79,22.28,73,Medium,Shortest,94.9
T001148,AI001148,9.53,24.79,97,High,Eco,95.1
T001149,AI001149,3.1,8.29,98,Medium,Shortest,87.7
T001150,AI001150,2.48,7.3,85,Medium,Shortest,95.0
T001151,AI001151,49.22,134.48,70,Low,Eco,97.9
T001152,AI001152,4.35,11.8,74,Low,Eco,95.0
T001153,AI001153,36.16,99.24,77,Medium,Shortest,87.3
T001154,AI001154,27.62,76.37,83,Medium,Eco,94.7
T001155,AI001155,27.53,74.86,77,Medium,Eco,97.3
T001156,AI001156,25.14,67.99,97,Low,Shortest,96.2
T001157,AI001157,5.76,15.61,82,Low,Eco,85.3
T001158,AI001158,32.81,88.49,83,Medium,Fastest,90.4
T001159,AI001159,25.34,65.76,74,Medium,Shortest,97.0
T001160,AI001160,24.33,70.71,82,Medium,Shortest,90.1
T001161,AI001161,17.02,45.68,73,Medium,Shortest,90.9
T001162,AI001162,42.9,109.59,84,Medium,Eco,96.3
T001163,AI001163,6.56,16.98,77,Medium,Shortest,85.3
T001164,AI001164,9.04,25.12,71,Medium,Eco,86.7
T001165,AI001165,41.02,111.9,84,Medium,Fastest,96.8
T001166,AI001166,3.63,10.17,98,Medium,Shortest,92.8
T001167,AI001167,2.23,5.88,80,Medium,Eco,92.7
T001168,AI001168,4.9,12.86,95,Low,Eco,97.9
T001169,AI001169,20.76,57.36,94,Low,Shortest,87.8
T001170,AI001170,33.88,93.41,86,Low,Shortest,92.0
T001171,AI001171,49.84,132.15,74,High,Shortest,87.9
T001172,AI001172,4.39,12.21,83,Medium,Eco,95.9
T001173,AI001173,11.38,27.72,88,Low,Shortest,85.4
T001174,AI001174,25.64,72.21,97,High,Eco,91.5
T001175,AI001175,56.64,151.58,96,Medium,Eco,88.6
T001176,AI001176,44.72,124.84,71,Medium,Shortest,95.6
T001177,AI001177,21.29,54.36,92,High,Shortest,87.5
T001178,AI001178,24.58,65.45,75,Medium,Eco,92.7
T001179,AI001179,25.82,71.85,83,High,Shortest,98.9
T001180,AI001180,44.9,118.87,79,Medium,Eco,85.5
T001181,AI001181,37.92,99.77,74,Medium,Shortest,96.3
T001182,AI001182,9.63,24.49,95,Low,Shortest,87.7
T001183,AI001183,31.5,85.9,90,High,Shortest,86.8
T001184,AI001184,22.68,61.56,85,Low,Eco,86.1
T001185,AI001185,37.14,106.06,73,High,Eco,87.5
T001186,AI001186,11.62,30.46,82,Low,Eco,86.4
T001187,AI001187,14.46,37.97,78,Low,Shortest,88.8
T001188,AI001188,12.35,30.92,90,High,Shortest,88.3
T001189,AI001189,6.94,18.49,87,Low,Shortest,96.5
T001190,AI001190,63.6,173.77,76,High,Eco,93.2
T001191,AI001191,11.72,31.86,81,Medium,Shortest,92.4
T001192,AI001192,22.99,61.07,94,Low,Shortest,95.3
T001193,AI001193,10.14,27.81,84,Low,Eco,90.8
T001194,AI001194,5.26,14.1,92,Medium,Shortest,90.5
T001195,AI001195,23.73,68.69,90,Medium,Eco,95.0
T001196,AI001196,20.04,56.52,82,Low,Shortest,85.7
T001197,AI001197,17.28,48.35,92,Low,Fastest,85.2
T001198,AI001198,4.11,10.31,90,Low,Fastest,89.0
T001199,AI001199,6.26,17.29,98,Medium,Shortest,90.1
T001200,AI001200,13.24,35.52,86,Medium,Shortest,85.3
T001201,AI001201,17.47,46.83,94,Medium,Shortest,88.1
T001202,AI001202,29.83,79.15,81,Medium,Fastest,90.3
T001203,AI001203,24.46,72.05,89,Medium,Eco,92.0
T001204,AI001204,4.39,11.33,87,Low,Eco,94.4
T001205,AI001205,7.46,18.72,94,Low,Shortest,98.5
T001206,AI001206,28.19,78.6,86,Medium,Shortest,95.5
T001207,AI001207,60.47,157.67,70,High,Shortest,90.1
T001208,AI001208,13.61,37.38,91,Low,Eco,96.4
T001209,AI001209,48.25,126.66,70,Low,Shortest,92.1
T001210,AI001210,16.95,47.66,75,Medium,Eco,94.7
T001211,AI001211,42.45,113.52,84,Medium,Eco,94.1
T001212,AI001212,50.4,132.63,91,Low,Eco,87.7
T001213,AI001213,28.79,79.15,94,High,Shortest,91.5
T001214,AI001214,12.89,32.16,98,Low,Shortest,95.8
T001215,AI001215,9.56,26.14,84,Low,Eco,90.2
T001216,AI001216,23.22,58.5,85,Low,Eco,90.4
T001217,AI001217,33.28,86.95,98,Medium,Shortest,86.3
T001218,AI001218,3.8,9.52,86,Low,Eco,85.4
T001219,AI001219,33.91,85.13,74,Medium,Shortest,94.2
T001220,AI001220,19.75,54.46,97,Low,Shortest,96.2
T001221,AI001221,12.05,34.65,78,Medium,Shortest,88.1
T001222,AI001222,32.18,86.79,99,High,Eco,89.2
T001223,AI001223,36.61,101.78,99,Medium,Shortest,88.5
T001224,AI001224,13.56,38.38,78,Medium,Eco,94.8
T001225,AI001225,3.4,9.81,88,Medium,Eco,88.5
T001226,AI001226,46.59,122.18,81,Medium,Shortest,92.9
T001227,AI001227,8.06,22.17,82,High,Fastest,98.3
T001228,AI001228,25.44,71.96,93,Low,Eco,92.8
T001229,AI001229,34.58,101.38,95,Medium,Shortest,96.4
T001230,AI001230,33.35,87.2,91,Low,Shortest,98.0
T001231,AI001231,10.79,28.61,76,Low,Shortest,91.9
T001232,AI001232,22.44,61.05,74,Low,Eco,89.6
T001233,AI001233,9.95,25.69,89,Low,Eco,97.8
T001234,AI001234,4.36,11.32,86,Medium,Eco,89.7
T001235,AI001235,37.39,98.65,76,Low,Shortest,93.7
T001236,AI001236,13.32,35.72,75,High,Eco,94.7
T001237,AI001237,25.04,69.33,94,Medium,Shortest,91.0
T001238,AI001238,6.51,18.69,72,Low,Eco,85.5
T001239,AI001239,24.58,62.4,95,Low,Shortest,85.0
T001240,AI001240,34.32,94.19,73,High,Eco,94.1
T001241,AI001241,26.07,64.9,99,Low,Shortest,87.1
T001242,AI001242,22.77,64.4,90,Medium,Shortest,85.3
T001243,AI001243,6.44,17.73,93,Medium,Shortest,95.1
T001244,AI001244,21.59,55.61,71,High,Shortest,85.6
T001245,AI001245,16.09,43.19,87,Medium,Shortest,87.3
T001246,AI001246,43.87,121.01,85,Low,Shortest,91.7
T001247,AI001247,21.2,54.25,93,Medium,Eco,93.0
T001248,AI001248,17.77,45.07,70,Low,Eco,90.4
T001249,AI001249,10.26,28.51,83,Medium,Eco,85.6
T001250,AI001250,26.84,72.29,95,Medium,Shortest,93.9
T001251,AI001251,11.0,28.67,96,Low,Eco,85.6
T001252,AI001252,24.36,68.13,89,High,Shortest,89.0
T001253,AI001253,17.5,49.58,79,Low,Eco,98.7
T001254,AI001254,5.6,15.89,73,Medium,Shortest,89.3
T001255,AI001255,19.31,51.74,72,Medium,Eco,94.5
T001256,AI001256,30.1,81.24,78,Medium,Shortest,87.9
T001257,AI001257,20.36,54.44,88,Medium,Shortest,95.1
T001258,AI001258,26.16,67.87,76,High,Eco,93.5
T001259,AI001259,40.82,111.04,95,Medium,Eco,92.6
T001260,AI001260,3.52,9.43,76,Medium,Eco,87.9
T001261,AI001261,14.81,40.95,77,Medium,Eco,87.2
T001262,AI001262,7.63,21.67,75,Low,Eco,89.1
T001263,AI001263,2.12,5.36,82,Low,Shortest,89.5
T001264,AI001264,1.75,4.53,90,Low,Shortest,97.8
T001265,AI001265,14.17,36.21,76,Low,Shortest,85.7
T001266,AI001266,23.56,61.57,98,Medium,Shortest,85.3
T001267,AI001267,26.49,72.15,95,Low,Shortest,98.7
T001268,AI001268,29.46,79.38,92,Low,Eco,91.8
T001269,AI001269,20.93,55.81,83,Low,Shortest,86.8
T001270,AI001270,4.55,13.0,77,Low,Eco,85.1
T001271,AI001271,25.66,69.22,86,High,Shortest,85.9
T001272,AI001272,14.95,41.98,82,Medium,Eco,98.8
T001273,AI001273,10.25,27.5,78,Medium,Fastest,87.7
T001274,AI001274,6.77,18.73,70,Medium,Eco,89.5
T001275,AI001275,11.58,33.04,75,Medium,Eco,91.0
T001276,AI001276,15.49,41.24,80,Medium,Fastest,87.5
T001277,AI001277,1.68,4.87,96,Low,Fastest,97.1
T001278,AI001278,3.27,8.55,95,Medium,Shortest,95.2
T001279,AI001279,5.76,15.44,97,Medium,Eco,86.9
T001280,AI001280,13.13,36.66,94,Medium,Shortest,89.2
T001281,AI001281,19.19,55.94,70,Low,Eco,93.6
T001282,AI001282,16.17,43.89,71,Low,Shortest,92.9
T001283,AI001283,17.24,47.36,91,Medium,Eco,87.2
T001284,AI001284,18.07,47.58,94,Low,Eco,98.6
T001285,AI001285,29.12,83.18,84,Low,Eco,85.0
T001286,AI001286,4.21,11.41,96,High,Shortest,92.9
T001287,AI001287,45.58,122.8,88,High,Eco,97.4
T001288,AI001288,21.15,53.42,98,High,Eco,96.3
T001289,AI001289,33.55,88.98,87,Medium,Shortest,94.6
T001290,AI001290,28.26,74.12,90,Low,Eco,90.7
T001291,AI001291,16.28,45.63,91,Low,Fastest,86.6
T001292,AI001292,30.89,85.02,94,Medium,Eco,95.7
T001293,AI001293,20.2,52.32,87,Medium,Shortest,92.7
T001294,AI001294,9.16,24.48,89,Medium,Shortest,96.0
T001295,AI001295,31.08,83.45,71,Medium,Shortest,91.2
T001296,AI001296,16.23,44.96,86,Medium,Eco,86.5
T001297,AI001297,20.56,58.39,73,Medium,Eco,95.5
T001298,AI001298,18.26,49.75,79,Medium,Shortest,98.7
T001299,AI001299,21.88,58.03,85,High,Eco,87.9
T001300,AI001300,38.87,105.93,93,Low,Eco,85.5
T001301,AI001301,5.89,16.08,90,Low,Fastest,92.5
T001302,AI001302,13.22,37.71,88,Medium,Eco,89.0
T001303,AI001303,8.29,21.66,87,Medium,Fastest,96.7
T001304,AI001304,12.06,32.69,79,Medium,Eco,98.9
T001305,AI001305,49.72,142.98,88,Medium,Shortest,96.5
T001306,AI001306,15.91,43.42,82,Low,Eco,87.4
T001307,AI001307,18.41,46.06,84,Medium,Eco,88.1
T001308,AI001308,20.07,50.17,79,Medium,Fastest,87.3
T001309,AI001309,22.96,59.69,94,Medium,Eco,88.1
T001310,AI001310,34.09,86.82,71,Low,Shortest,98.0
T001311,AI001311,3.53,9.23,87,Medium,Shortest,93.0
T001312,AI001312,44.9,112.41,72,Medium,Shortest,94.8
T001313,AI001313,3.1,8.52,83,Low,Shortest,92.2
T001314,AI001314,4.5,12.09,72,Medium,Eco,91.1
T001315,AI001315,49.87,132.31,74,Low,Eco,96.7
T001316,AI001316,25.69,63.82,93,Medium,Shortest,90.7
T001317,AI001317,11.67,33.13,73,Low,Eco,85.4
T001318,AI001318,11.83,33.45,74,High,Shortest,96.9
T001319,AI001319,45.19,121.32,97,Low,Eco,95.6
T001320,AI001320,14.12,39.21,80,Medium,Eco,89.0
T001321,AI001321,36.09,95.25,76,High,Shortest,95.4
T001322,AI001322,26.03,71.21,81,Medium,Eco,89.7
T001323,AI001323,40.91,107.45,79,Medium,Eco,91.6
T001324,AI001324,12.5,33.41,88,Low,Shortest,94.8
T001325,AI001325,12.93,35.98,75,Low,Eco,97.1
T001326,AI001326,8.08,22.19,70,High,Shortest,90.5
T001327,AI001327,17.74,43.61,82,Low,Fastest,87.8
T001328,AI001328,14.04,38.92,96,Medium,Fastest,97.7
T001329,AI001329,14.17,37.7,78,Medium,Shortest,93.1
T001330,AI001330,12.1,32.21,88,Low,Eco,85.2
T001331,AI001331,5.27,13.89,91,Medium,Eco,94.5
T001332,AI001332,6.17,17.69,77,Medium,Shortest,88.8
T001333,AI001333,14.41,40.66,79,Low,Eco,92.6
T001334,AI001334,42.81,110.39,92,Low,Eco,94.2
T001335,AI001335,7.28,19.03,72,Low,Eco,85.6
T001336,AI001336,15.42,41.27,83,Low,Shortest,91.7
T001337,AI001337,39.85,105.85,73,Low,Shortest,96.0
T001338,AI001338,12.55,33.65,74,High,Shortest,96.9
T001339,AI001339,46.66,131.11,76,Medium,Eco,88.3
T001340,AI001340,55.76,157.46,72,Medium,Eco,86.2
T001341,AI001341,14.88,38.88,79,Medium,Shortest,86.9
T001342,AI001342,17.78,47.2,89,Medium,Eco,85.4
T001343,AI001343,13.05,34.84,75,Low,Eco,95.1
T001344,AI001344,18.85,54.16,99,Medium,Shortest,96.7
T001345,AI001345,3.09,7.84,87,Medium,Eco,94.4
T001346,AI001346,22.34,61.85,75,Low,Shortest,87.2
T001347,AI001347,6.11,16.09,84,High,Shortest,88.2
T001348,AI001348,2.27,6.39,88,Medium,Shortest,96.1
T001349,AI001349,36.11,97.34,98,Low,Eco,93.7
T001350,AI001350,22.19,59.73,93,Medium,Eco,92.7
T001351,AI001351,13.09,33.3,88,Low,Eco,87.0
T001352,AI001352,25.05,69.85,99,Medium,Eco,93.3
T001353,AI001353,17.25,47.45,98,Medium,Eco,93.5
T001354,AI001354,14.72,36.37,80,High,Eco,90.8
T001355,AI001355,55.53,156.93,89,High,Eco,94.0
T001356,AI001356,41.47,112.84,75,Medium,Eco,92.2
T001357,AI001357,6.97,18.89,97,High,Shortest,90.4
T001358,AI001358,8.43,22.34,79,Low,Fastest,98.0
T001359,AI001359,28.38,74.5,89,Low,Shortest,87.2
T001360,AI001360,13.36,36.66,89,Medium,Shortest,97.0
T001361,AI001361,4.46,12.45,81,Low,Eco,87.1
T001362,AI001362,13.91,35.06,90,Medium,Eco,94.9
T001363,AI001363,11.42,32.47,79,Low,Eco,91.3
T001364,AI001364,42.73,110.31,72,Medium,Shortest,90.3
T001365,AI001365,46.65,128.76,83,Medium,Shortest,91.0
T001366,AI001366,5.11,13.51,72,Medium,Eco,85.8
T001367,AI001367,20.23,53.72,74,High,Eco,94.6
T001368,AI001368,5.52,13.61,79,Medium,Eco,89.4
T001369,AI001369,23.73,64.21,92,High,Eco,87.0
T001370,AI001370,36.76,94.07,91,Low,Eco,89.8
T001371,AI001371,4.22,11.15,83,Low,Shortest,97.2
T001372,AI001372,15.99,40.61,85,Low,Fastest,92.4
T001373,AI001373,27.28,72.09,83,Medium,Shortest,98.6
T001374,AI001374,4.65,11.8,77,Low,Shortest,94.8
T001375,AI001375,10.3,29.31,79,Low,Shortest,92.7
T001376,AI001376,35.91,100.68,86,Medium,Eco,89.1
T001377,AI001377,3.77,10.44,70,Low,Shortest,90.7
T001378,AI001378,3.82,10.0,82,Medium,Fastest,87.8
T001379,AI001379,33.67,88.4,80,Low,Shortest,88.5
T001380,AI001380,25.58,63.78,89,Low,Eco,97.7
T001381,AI001381,7.1,19.07,71,Low,Eco,88.0
T001382,AI001382,18.38,51.7,80,Medium,Fastest,88.0
T001383,AI001383,26.49,74.13,70,Low,Shortest,92.2
T001384,AI001384,30.22,80.22,91,Low,Shortest,97.6
T001385,AI001385,29.55,72.65,88,High,Shortest,96.6
T001386,AI001386,10.28,26.42,81,Medium,Eco,90.0
T001387,AI001387,8.17,22.13,91,Medium,Shortest,91.6
T001388,AI001388,22.29,59.51,70,High,Eco,89.8
T001389,AI001389,17.89,45.38,74,Medium,Shortest,98.2
T001390,AI001390,6.23,17.33,87,Low,Eco,98.3
T001391,AI001391,32.6,86.38,70,High,Shortest,85.1
T001392,AI001392,50.59,127.62,91,Medium,Eco,94.3
T001393,AI001393,24.44,63.14,84,Medium,Eco,85.6
T001394,AI001394,20.65,57.2,76,Medium,Shortest,87.8
T001395,AI001395,7.73,20.21,94,Low,Shortest,91.9
T001396,AI001396,3.63,9.95,88,Low,Shortest,94.4
T001397,AI001397,12.8,34.71,88,Low,Shortest,90.4
T001398,AI001398,23.7,63.24,94,Low,Shortest,89.3
T001399,AI001399,30.09,81.59,72,Low,Shortest,95.4
T001400,AI001400,13.49,38.39,93,Low,Shortest,89.5
T001401,AI001401,1.9,4.97,72,Low,Eco,92.3
T001402,AI001402,14.06,39.18,94,Low,Shortest,94.6
T001403,AI001403,22.95,57.29,74,Low,Eco,91.0
T001404,AI001404,14.77,42.75,97,Low,Shortest,98.7
T001405,AI001405,24.57,60.3,88,High,Eco,89.3
T001406,AI001406,2.55,6.76,98,Low,Eco,92.4
T001407,AI001407,4.35,11.97,83,High,Shortest,96.6
T001408,AI001408,40.68,112.15,87,Medium,Eco,91.5
T001409,AI001409,13.99,38.46,76,Medium,Eco,98.4
T001410,AI001410,44.01,127.23,88,Medium,Eco,89.9
T001411,AI001411,33.45,95.29,78,Medium,Eco,94.9
T001412,AI001412,16.08,42.76,93,Low,Eco,93.9
T001413,AI001413,11.46,28.28,97,Low,Shortest,93.5
T001414,AI001414,1.88,4.92,83,Low,Fastest,94.8
T001415,AI001415,32.91,88.31,81,Medium,Eco,95.9
T001416,AI001416,7.84,21.72,83,Low,Shortest,94.3
T001417,AI001417,11.27,30.89,96,Low,Eco,91.1
T001418,AI001418,25.7,64.83,75,Medium,Eco,95.8
T001419,AI001419,27.37,70.0,71,Medium,Eco,85.4
T001420,AI001420,50.96,142.62,77,High,Shortest,97.7
T001421,AI001421,19.63,54.91,81,Medium,Eco,85.5
T001422,AI001422,3.99,11.06,78,Low,Shortest,94.4
T001423,AI001423,3.81,11.25,75,Low,Fastest,87.6
T001424,AI001424,34.24,96.71,81,Low,Eco,89.8
T001425,AI001425,16.59,46.36,79,Medium,Eco,89.4
T001426,AI001426,17.38,45.85,96,Medium,Shortest,94.3
T001427,AI001427,11.92,34.79,90,Medium,Shortest,87.2
T001428,AI001428,2.08,5.41,80,Medium,Shortest,96.5
T001429,AI001429,7.79,19.86,86,Medium,Eco,94.2
T001430,AI001430,21.29,56.38,81,Low,Eco,90.3
T001431,AI001431,17.77,48.08,83,Low,Fastest,88.2
T001432,AI001432,36.41,100.3,73,Medium,Eco,93.5
T001433,AI001433,30.2,84.74,77,Low,Eco,87.2
T001434,AI001434,10.12,27.42,85,Low,Eco,94.0
T001435,AI001435,53.31,150.51,93,Medium,Shortest,92.8
T001436,AI001436,9.84,24.82,70,Medium,Eco,96.0
T001437,AI001437,22.11,59.13,77,Low,Shortest,86.9
T001438,AI001438,12.68,34.8,91,Medium,Fastest,90.1
T001439,AI001439,20.03,51.48,87,Medium,Eco,94.3
T001440,AI001440,1.97,5.26,74,High,Eco,94.8
T001441,AI001441,7.9,20.86,84,Medium,Shortest,90.2
T001442,AI001442,27.82,74.11,96,Low,Eco,87.6
T001443,AI001443,40.06,104.65,93,Low,Eco,97.9
T001444,AI001444,19.64,56.44,75,Medium,Eco,88.0
T001445,AI001445,21.14,58.87,72,Low,Shortest,95.9
T001446,AI001446,16.29,42.62,78,Low,Eco,90.3
T001447,AI001447,14.39,39.02,90,Medium,Shortest,95.2
T001448,AI001448,23.84,65.28,78,High,Fastest,97.7
T001449,AI001449,4.98,13.43,72,Low,Fastest,91.2
T001450,AI001450,25.27,65.81,99,Low,Eco,91.9
T001451,AI001451,11.97,32.23,97,Medium,Shortest,90.7
T001452,AI001452,15.55,41.2,83,High,Shortest,97.8
T001453,AI001453,27.16,71.92,70,Medium,Shortest,91.0
T001454,AI001454,12.1,33.71,80,Low,Eco,85.5
T001455,AI001455,27.4,72.25,83,Low,Eco,93.4
T001456,AI001456,37.44,99.05,75,Low,Shortest,97.3
T001457,AI001457,20.16,57.5,73,Medium,Shortest,90.5
T001458,AI001458,38.23,96.43,94,High,Shortest,90.6
T001459,AI001459,30.25,78.18,97,Low,Eco,86.5
T001460,AI001460,24.2,67.57,76,Low,Eco,85.4
T001461,AI001461,39.56,100.08,92,Low,Eco,97.3
T001462,AI001462,30.29,77.22,75,Low,Shortest,97.2
T001463,AI001463,9.06,24.99,72,Medium,Shortest,95.3
T001464,AI001464,21.91,59.69,98,Low,Shortest,85.5
T001465,AI001465,23.49,60.94,80,Medium,Shortest,87.5
T001466,AI001466,17.05,45.17,82,High,Eco,88.5
T001467,AI001467,18.46,51.68,75,Low,Shortest,87.6
T001468,AI001468,11.06,28.98,83,Medium,Eco,87.5
T001469,AI001469,23.99,68.26,87,High,Shortest,96.3
T001470,AI001470,43.7,121.85,96,Low,Eco,89.6
T001471,AI001471,3.05,8.23,79,Medium,Shortest,93.5
T001472,AI001472,20.83,56.67,70,Low,Shortest,85.7
T001473,AI001473,48.2,134.9,83,Low,Eco,89.6
T001474,AI001474,28.51,75.82,81,Medium,Shortest,98.8
T001475,AI001475,52.47,138.17,74,Medium,Shortest,97.6
T001476,AI001476,24.07,68.78,91,Low,Shortest,89.5
T001477,AI001477,31.01,82.5,94,Medium,Eco,97.0
T001478,AI001478,2.1,5.53,80,Low,Fastest,94.1
T001479,AI001479,23.2,63.27,80,Medium,Eco,85.7
T001480,AI001480,10.83,27.63,73,Medium,Shortest,94.4
T001481,AI001481,13.81,39.14,84,Medium,Shortest,87.4
T001482,AI001482,17.13,45.98,77,Low,Eco,95.0
T001483,AI001483,23.71,61.79,78,Medium,Shortest,98.4
T001484,AI001484,24.92,63.87,89,Low,Shortest,96.0
T001485,AI001485,17.59,50.71,95,Medium,Fastest,94.2
T001486,AI001486,17.64,46.15,88,Medium,Eco,86.0
T001487,AI001487,28.38,73.33,76,Medium,Eco,96.0
T001488,AI001488,12.91,34.64,83,Low,Eco,94.1
T001489,AI001489,23.13,62.56,78,Low,Eco,94.8
T001490,AI001490,21.13,54.6,74,Low,Fastest,85.8
T001491,AI001491,3.25,8.97,80,Low,Eco,91.4
T001492,AI001492,3.93,10.68,72,Medium,Eco,94.5
T001493,AI001493,16.9,47.05,76,Medium,Shortest,95.8
T001494,AI001494,12.45,33.98,91,Low,Shortest,98.6
T001495,AI001495,14.14,39.12,88,Low,Shortest,97.5
T001496,AI001496,12.95,31.99,89,Low,Shortest,91.5
T001497,AI001497,5.34,13.41,77,Low,Eco,97.4
T001498,AI001498,13.39,38.23,98,Low,Shortest,99.0
T001499,AI001499,14.06,39.41,75,Low,Eco,86.4
T001500,AI001500,7.98,20.7,92,Low,Eco,98.8
T001501,AI001501,23.82,66.57,83,Medium,Shortest,87.1
T001502,AI001502,27.19,75.12,99,Low,Eco,95.4
T001503,AI001503,9.64,28.37,91,Medium,Eco,92.8
T001504,AI001504,29.21,74.64,86,Medium,Shortest,94.9
T001505,AI001505,22.74,57.28,95,Low,Shortest,98.7
T001506,AI001506,4.76,13.91,80,Medium,Shortest,91.0
T001507,AI001507,38.75,106.29,74,Medium,Shortest,97.4
T001508,AI001508,35.13,90.42,70,Low,Eco,86.7
T001509,AI001509,15.45,41.83,71,Medium,Shortest,89.3
T001510,AI001510,22.68,59.2,70,Medium,Eco,97.1
T001511,AI001511,35.2,90.68,75,High,Eco,97.7
T001512,AI001512,15.0,40.03,96,Medium,Eco,97.7
T001513,AI001513,13.15,34.03,74,Low,Eco,90.0
T001514,AI001514,35.25,93.72,78,Medium,Eco,85.9
T001515,AI001515,13.82,36.78,83,Low,Fastest,86.0
T001516,AI001516,15.78,40.79,93,Low,Eco,85.9
T001517,AI001517,32.81,91.39,94,Low,Eco,88.0
T001518,AI001518,19.83,53.62,78,Low,Eco,87.8
T001519,AI001519,8.21,20.72,78,High,Eco,89.8
T001520,AI001520,21.58,59.56,76,High,Eco,96.9
T001521,AI001521,13.91,36.06,72,Low,Shortest,95.1
T001522,AI001522,16.65,43.73,89,Low,Shortest,91.7
T001523,AI001523,17.59,46.14,88,Low,Shortest,92.1
T001524,AI001524,31.54,83.62,99,Medium,Shortest,92.6
T001525,AI001525,29.06,74.77,81,Medium,Eco,95.2
T001526,AI001526,39.96,100.58,74,Medium,Eco,96.6
T001527,AI001527,11.18,30.28,73,Low,Shortest,85.7
T001528,AI001528,12.63,32.47,81,Medium,Shortest,98.5
T001529,AI001529,20.96,53.46,76,Medium,Eco,89.4
T001530,AI001530,2.12,5.76,90,Medium,Shortest,85.6
T001531,AI001531,12.23,32.83,73,Medium,Eco,96.3
T001532,AI001532,18.36,49.32,71,Medium,Shortest,88.0
T001533,AI001533,25.94,65.5,97,Medium,Eco,91.1
T001534,AI001534,3.27,8.13,93,Medium,Eco,96.3
T001535,AI001535,21.67,57.56,89,Low,Shortest,91.8
T001536,AI001536,19.22,52.96,71,Medium,Shortest,97.8
T001537,AI001537,13.83,38.47,72,Medium,Shortest,92.3
T001538,AI001538,4.08,10.5,96,Low,Shortest,87.4
T001539,AI001539,28.94,78.77,72,Medium,Shortest,86.8
T001540,AI001540,30.14,82.86,74,High,Shortest,97.1
T001541,AI001541,27.96,71.03,99,High,Eco,92.3
T001542,AI001542,37.06,94.02,88,High,Shortest,96.7
T001543,AI001543,31.37,86.33,76,Medium,Eco,88.7
T001544,AI001544,10.36,27.8,93,Low,Fastest,98.9
T001545,AI001545,6.7,17.61,75,Medium,Shortest,87.1
T001546,AI001546,4.56,13.09,90,Medium,Eco,88.6
T001547,AI001547,2.89,7.58,88,Medium,Eco,95.5
T001548,AI001548,37.52,96.68,87,Medium,Shortest,90.5
T001549,AI001549,5.75,14.8,75,Medium,Eco,93.0
T001550,AI001550,22.39,60.42,76,Low,Shortest,93.9
T001551,AI001551,5.85,15.91,72,Medium,Shortest,97.7
T001552,AI001552,13.82,37.24,84,Medium,Eco,98.0
T001553,AI001553,17.86,46.9,70,Low,Eco,98.5
T001554,AI001554,11.63,32.44,83,Medium,Shortest,90.4
T001555,AI001555,17.75,47.33,88,Low,Eco,96.6
T001556,AI001556,10.79,30.61,84,Low,Fastest,96.8
T001557,AI001557,12.62,32.43,85,Low,Eco,86.5
T001558,AI001558,12.69,33.64,75,Medium,Shortest,93.1
T001559,AI001559,16.96,47.4,82,Low,Eco,95.2
T001560,AI001560,14.86,38.09,81,Medium,Eco,95.6
T001561,AI001561,15.48,39.1,84,High,Eco,86.7
T001562,AI001562,15.39,41.61,71,Low,Shortest,93.6
T001563,AI001563,50.38,128.29,81,Low,Fastest,87.7
T001564,AI001564,19.94,53.85,78,Low,Shortest,97.4
T001565,AI001565,4.2,10.86,70,Medium,Shortest,98.6
T001566,AI001566,2.96,8.15,71,Medium,Eco,93.3
T001567,AI001567,2.46,6.51,87,Low,Eco,92.3
T001568,AI001568,50.18,128.3,99,Medium,Eco,90.5
T001569,AI001569,8.18,20.8,85,Low,Shortest,94.6
T001570,AI001570,26.89,73.72,74,High,Shortest,86.0
T001571,AI001571,44.33,117.8,71,Medium,Shortest,90.6
T001572,AI001572,1.76,4.87,70,Medium,Eco,96.1
T001573,AI001573,25.75,68.62,73,Medium,Eco,91.9
T001574,AI001574,6.98,19.61,88,Medium,Eco,96.6
T001575,AI001575,40.9,109.19,90,Low,Shortest,89.0
T001576,AI001576,43.91,117.87,88,High,Shortest,90.4
T001577,AI001577,5.75,14.95,98,Medium,Eco,87.7
T001578,AI001578,31.4,91.1,94,Medium,Eco,88.1
T001579,AI001579,58.22,155.97,88,Low,Shortest,93.8
T001580,AI001580,26.5,73.89,92,Medium,Eco,90.1
T001581,AI001581,36.95,100.38,73,Medium,Eco,95.5
T001582,AI001582,13.61,37.25,99,Low,Eco,88.0
T001583,AI001583,18.68,51.47,95,Medium,Eco,98.8
T001584,AI001584,41.57,108.2,76,Medium,Shortest,92.9
T001585,AI001585,29.48,82.97,80,Low,Shortest,94.2
T001586,AI001586,16.02,45.18,95,Low,Eco,88.1
T001587,AI001587,3.29,8.96,87,Low,Eco,89.7
T001588,AI001588,7.32,19.71,79,High,Shortest,87.1
T001589,AI001589,29.19,74.34,74,Low,Shortest,89.6
T001590,AI001590,19.97,56.27,91,Low,Eco,98.2
T001591,AI001591,23.31,58.26,72,Medium,Shortest,98.6
T001592,AI001592,23.15,63.07,94,Medium,Shortest,91.9
T001593,AI001593,37.87,95.43,97,Medium,Shortest,94.4
T001594,AI001594,58.85,166.83,91,Medium,Eco,96.3
T001595,AI001595,12.22,30.42,71,Medium,Eco,95.7
T001596,AI001596,5.71,15.44,91,Low,Eco,98.1
T001597,AI001597,24.4,65.6,82,Low,Shortest,95.6
T001598,AI001598,28.29,77.84,79,Medium,Eco,93.9
T001599,AI001599,16.39,45.87,94,Low,Eco,93.8
T001600,AI001600,22.02,61.48,86,Low,Shortest,90.8
T001601,AI001601,5.98,16.19,99,Low,Eco,85.7
T001602,AI001602,3.87,10.31,85,High,Shortest,94.5
T001603,AI001603,33.97,85.13,73,Low,Eco,94.3
T001604,AI001604,17.09,47.41,96,Medium,Eco,96.9
T001605,AI001605,20.86,57.29,71,Medium,Shortest,93.1
T001606,AI001606,23.58,64.03,90,Medium,Fastest,98.9
T001607,AI001607,14.68,38.77,71,Low,Eco,86.8
T001608,AI001608,15.96,40.56,78,Low,Shortest,96.9
T001609,AI001609,5.02,13.33,87,Low,Eco,91.8
T001610,AI001610,7.42,19.31,75,Low,Eco,92.8
T001611,AI001611,3.29,8.67,96,Low,Shortest,85.4
T001612,AI001612,25.71,70.18,99,Low,Eco,93.0
T001613,AI001613,9.22,25.26,79,Medium,Shortest,88.1
T001614,AI001614,4.1,10.4,90,Low,Shortest,97.2
T001615,AI001615,1.8,4.64,76,Medium,Shortest,87.8
T001616,AI001616,12.75,33.41,93,High,Shortest,88.1
T001617,AI001617,30.07,84.29,79,Low,Eco,96.7
T001618,AI001618,17.7,44.42,70,Medium,Shortest,90.7
T001619,AI001619,18.51,46.99,89,Low,Shortest,90.3
T001620,AI001620,2.1,5.67,85,Medium,Eco,91.7
T001621,AI001621,33.99,84.88,70,Medium,Shortest,88.8
T001622,AI001622,16.49,41.87,75,Low,Eco,98.8
T001623,AI001623,13.69,37.97,76,Medium,Fastest,95.0
T001624,AI001624,9.04,24.77,99,Low,Shortest,96.4
T001625,AI001625,17.96,49.51,77,High,Eco,87.8
T001626,AI001626,38.49,102.68,84,Medium,Shortest,86.7
T001627,AI001627,28.45,79.48,87,Medium,Shortest,91.3
T001628,AI001628,13.76,39.05,73,Low,Eco,98.8
T001629,AI001629,5.17,12.56,91,Low,Shortest,94.3
T001630,AI001630,4.06,10.81,77,Medium,Eco,94.4
T001631,AI001631,27.21,70.86,99,High,Eco,85.9
T001632,AI001632,6.99,20.38,94,Low,Shortest,86.9
T001633,AI001633,30.7,85.09,77,Low,Shortest,87.7
T001634,AI001634,10.69,27.5,70,Low,Eco,88.2
T001635,AI001635,4.89,14.06,77,High,Eco,88.6
T001636,AI001636,13.91,36.21,73,Low,Shortest,89.3
T001637,AI001637,47.82,132.42,95,Medium,Eco,95.8
T001638,AI001638,17.33,44.42,82,Medium,Shortest,87.4
T001639,AI001639,4.2,11.42,91,Medium,Fastest,92.9
T001640,AI001640,19.15,56.13,96,Medium,Shortest,95.1
T001641,AI001641,10.35,28.34,90,Medium,Eco,86.5
T001642,AI001642,7.61,19.9,88,Low,Shortest,88.5
T001643,AI001643,4.44,12.22,94,Medium,Fastest,89.9
T001644,AI001644,30.94,88.22,75,Low,Shortest,94.8
T001645,AI001645,34.4,91.56,71,Medium,Shortest,93.7
T001646,AI001646,47.56,125.27,90,Medium,Eco,85.0
T001647,AI001647,45.22,117.8,97,Medium,Eco,97.2
T001648,AI001648,14.5,40.98,72,Low,Shortest,86.4
T001649,AI001649,26.74,70.49,79,Medium,Eco,98.2
T001650,AI001650,11.63,32.17,94,Low,Eco,89.6
T001651,AI001651,6.83,18.29,77,High,Shortest,95.4
T001652,AI001652,47.15,124.67,96,Medium,Shortest,92.1
T001653,AI001653,5.52,16.17,81,Low,Eco,85.1
T001654,AI001654,24.45,67.96,79,High,Shortest,90.1
T001655,AI001655,18.93,52.1,88,Low,Eco,85.3
T001656,AI001656,40.77,107.92,86,High,Shortest,97.8
T001657,AI001657,8.11,22.89,78,Low,Shortest,94.5
T001658,AI001658,18.1,51.45,89,Medium,Shortest,93.1
T001659,AI001659,27.69,74.05,81,Medium,Shortest,90.1
T001660,AI001660,9.72,25.59,85,Medium,Eco,93.6
T001661,AI001661,37.62,100.41,94,High,Shortest,94.2
T001662,AI001662,11.56,29.77,90,Medium,Fastest,97.1
T001663,AI001663,25.06,64.38,82,High,Eco,89.3
T001664,AI001664,30.78,89.59,90,Medium,Eco,94.2
T001665,AI001665,10.76,28.9,74,Low,Eco,94.5
T001666,AI001666,29.26,75.8,73,Medium,Fastest,91.3
T001667,AI001667,10.92,29.63,80,Low,Shortest,94.7
T001668,AI001668,15.72,42.12,73,Medium,Shortest,92.7
T001669,AI001669,20.42,57.5,75,Medium,Shortest,94.1
T001670,AI001670,34.74,88.2,83,Medium,Shortest,89.7
T001671,AI001671,8.54,22.11,96,Low,Eco,85.4
T001672,AI001672,13.78,34.23,71,Medium,Shortest,90.2
T001673,AI001673,25.18,64.13,71,Low,Eco,96.9
T001674,AI001674,27.76,74.66,94,Low,Shortest,93.2
T001675,AI001675,35.78,103.44,71,Medium,Eco,86.8
T001676,AI001676,12.35,33.26,98,High,Shortest,97.5
T001677,AI001677,18.22,50.04,83,Medium,Shortest,90.1
T001678,AI001678,2.45,6.27,96,Low,Shortest,90.1
T001679,AI001679,13.68,37.21,94,Medium,Shortest,86.2
T001680,AI001680,14.36,36.17,90,Medium,Eco,86.7
T001681,AI001681,17.32,47.71,72,Low,Shortest,90.6
T001682,AI001682,4.51,11.84,81,Low,Fastest,88.8
T001683,AI001683,26.3,74.29,93,Medium,Eco,91.8
T001684,AI001684,3.97,10.77,81,Low,Eco,93.4
T001685,AI001685,8.81,22.17,73,Medium,Fastest,95.3
T001686,AI001686,18.05,45.98,72,Low,Eco,87.4
T001687,AI001687,21.34,58.07,84,Medium,Eco,88.6
T001688,AI001688,41.27,111.53,95,Medium,Shortest,86.3
T001689,AI001689,18.96,51.88,98,Medium,Eco,96.7
T001690,AI001690,40.2,105.21,88,Low,Eco,92.2
T001691,AI001691,4.29,11.35,75,Medium,Shortest,95.7
T001692,AI001692,53.23,148.9,98,Low,Eco,92.8
T001693,AI001693,13.46,36.93,90,Low,Eco,98.1
T001694,AI001694,40.4,108.24,87,Low,Eco,92.2
T001695,AI001695,24.53,65.34,79,Medium,Eco,88.5
T001696,AI001696,14.08,38.33,71,Medium,Shortest,96.2
T001697,AI001697,32.89,87.69,86,Medium,Eco,95.6
T001698,AI001698,23.47,64.54,80,High,Shortest,98.8
T001699,AI001699,9.61,25.62,83,Medium,Shortest,98.7
T001700,AI001700,25.59,67.93,97,Medium,Shortest,86.4
T001701,AI001701,14.78,40.02,75,Medium,Eco,91.4
T001702,AI001702,33.0,90.71,98,Medium,Shortest,86.1
T001703,AI001703,22.44,55.72,97,Low,Eco,92.3
T001704,AI001704,15.59,43.18,75,Medium,Eco,98.9
T001705,AI001705,19.76,52.77,75,High,Eco,87.2
T001706,AI001706,21.31,57.78,91,Medium,Eco,91.6
T001707,AI001707,1.65,4.42,70,High,Eco,94.3
T001708,AI001708,25.2,70.73,97,Medium,Shortest,94.0
T001709,AI001709,13.75,36.58,74,Low,Shortest,89.8
T001710,AI001710,20.0,54.58,91,Medium,Eco,96.1
T001711,AI001711,18.19,46.39,97,Low,Shortest,88.3
T001712,AI001712,43.82,116.94,75,High,Eco,98.5
T001713,AI001713,15.75,40.5,80,Low,Shortest,94.5
T001714,AI001714,2.66,7.75,77,Low,Shortest,85.4
T001715,AI001715,34.9,101.73,87,Medium,Shortest,92.6
T001716,AI001716,9.31,24.56,86,Medium,Shortest,99.0
T001717,AI001717,24.05,65.93,81,Medium,Shortest,89.5
T001718,AI001718,6.13,15.53,97,High,Shortest,87.0
T001719,AI001719,31.02,88.28,85,Medium,Shortest,89.1
T001720,AI001720,19.72,49.59,71,Medium,Shortest,90.1
T001721,AI001721,26.12,74.14,77,Medium,Eco,96.7
T001722,AI001722,38.04,103.35,79,Medium,Shortest,97.8
T001723,AI001723,14.26,38.59,93,Low,Eco,96.2
T001724,AI001724,8.79,21.95,73,Low,Eco,95.8
T001725,AI001725,4.15,11.68,86,Medium,Eco,93.1
T001726,AI001726,48.05,137.22,93,Medium,Eco,86.3
T001727,AI001727,4.93,13.24,89,Medium,Shortest,96.1
T001728,AI001728,14.56,38.4,85,Low,Fastest,97.5
T001729,AI001729,11.54,32.81,94,Medium,Eco,86.6
T001730,AI001730,19.4,51.03,88,Medium,Shortest,97.0
T001731,AI001731,2.41,6.19,92,Low,Shortest,88.1
T001732,AI001732,23.93,63.02,76,Medium,Eco,96.8
T001733,AI001733,10.11,27.45,70,Low,Eco,87.6
T001734,AI001734,10.9,29.55,83,Low,Shortest,97.9
T001735,AI001735,15.79,40.62,71,Medium,Eco,88.3
T001736,AI001736,41.97,113.59,72,High,Eco,90.6
T001737,AI001737,19.32,49.71,94,Medium,Shortest,96.2
T001738,AI001738,10.35,28.56,70,Medium,Fastest,86.1
T001739,AI001739,16.5,43.17,77,Low,Shortest,95.5
T001740,AI001740,9.82,25.06,83,Medium,Eco,85.1
T001741,AI001741,29.51,79.12,90,Low,Eco,95.4
T001742,AI001742,49.26,129.79,92,Low,Eco,86.2
T001743,AI001743,23.0,65.43,85,Low,Shortest,85.2
T001744,AI001744,29.05,81.55,83,High,Shortest,89.1
T001745,AI001745,18.46,48.43,98,Medium,Shortest,94.1
T001746,AI001746,25.35,68.05,75,Medium,Shortest,97.7
T001747,AI001747,9.91,26.03,72,Low,Fastest,88.4
T001748,AI001748,20.19,54.43,95,High,Eco,94.0
T001749,AI001749,16.68,42.54,80,Low,Eco,93.9
T001750,AI001750,48.7,130.55,85,High,Eco,86.7
T001751,AI001751,9.35,24.31,95,Medium,Shortest,95.2
T001752,AI001752,8.13,22.84,87,Low,Eco,87.1
T001753,AI001753,23.16,65.11,71,Medium,Eco,94.3
T001754,AI001754,25.22,67.55,96,Medium,Eco,86.9
T001755,AI001755,21.61,56.1,94,High,Eco,93.8
T001756,AI001756,2.63,7.12,91,Medium,Eco,91.1
T001757,AI001757,27.54,72.41,85,Medium,Eco,94.5
T001758,AI001758,46.03,129.1,94,Medium,Eco,87.6
T001759,AI001759,34.25,95.28,92,Medium,Shortest,95.5
T001760,AI001760,14.53,39.26,73,Low,Shortest,94.9
T001761,AI001761,32.68,81.39,85,Medium,Eco,88.0
T001762,AI001762,12.31,33.53,88,Medium,Shortest,85.5
T001763,AI001763,19.9,49.52,76,Low,Eco,97.4
T001764,AI001764,13.29,33.45,84,Low,Fastest,86.4
T001765,AI001765,32.43,89.87,79,Medium,Eco,96.6
T001766,AI001766,36.17,91.08,89,Low,Shortest,92.4
T001767,AI001767,54.25,148.1,91,Low,Eco,94.7
T001768,AI001768,18.83,50.79,83,Low,Shortest,92.3
T001769,AI001769,26.33,72.82,81,Medium,Eco,86.2
T001770,AI001770,34.98,97.94,79,Medium,Shortest,94.5
T001771,AI001771,16.72,46.7,90,Medium,Shortest,86.0
T001772,AI001772,46.08,118.02,93,Low,Eco,95.3
T001773,AI001773,49.42,123.82,73,Medium,Eco,85.5
T001774,AI001774,64.11,182.57,84,Medium,Eco,93.8
T001775,AI001775,54.97,145.77,83,Medium,Eco,94.2
T001776,AI001776,22.62,59.91,92,Medium,Shortest,91.2
T001777,AI001777,17.7,49.15,98,Low,Shortest,91.3
T001778,AI001778,9.04,23.94,82,Low,Shortest,89.5
T001779,AI001779,14.1,38.43,89,Medium,Shortest,99.0
T001780,AI001780,11.16,28.61,79,Medium,Eco,85.0
T001781,AI001781,14.46,36.26,72,Low,Eco,86.6
T001782,AI001782,15.21,41.05,71,Low,Eco,89.4
T001783,AI001783,28.24,82.57,75,Medium,Shortest,96.0
T001784,AI001784,3.37,8.88,99,Low,Shortest,93.4
T001785,AI001785,38.22,102.7,86,Low,Fastest,91.9
T001786,AI001786,33.53,88.94,81,High,Eco,97.9
T001787,AI001787,48.52,141.34,97,Low,Shortest,94.3
T001788,AI001788,13.3,37.11,72,Low,Eco,97.7
T001789,AI001789,16.59,46.51,71,Low,Shortest,92.6
T001790,AI001790,19.56,53.27,94,High,Shortest,95.1
T001791,AI001791,23.0,63.11,73,High,Eco,94.9
T001792,AI001792,17.62,43.61,73,Low,Shortest,95.9
T001793,AI001793,3.28,9.47,96,Medium,Fastest,90.9
T001794,AI001794,59.49,149.02,82,Low,Eco,92.8
T001795,AI001795,29.93,78.89,97,Medium,Shortest,97.7
T001796,AI001796,17.37,50.64,79,Low,Eco,92.3
T001797,AI001797,9.15,26.25,82,Low,Eco,92.6
T001798,AI001798,32.89,86.24,85,Medium,Eco,96.5
T001799,AI001799,23.66,67.87,80,High,Shortest,96.6
T001800,AI001800,25.45,70.74,93,Medium,Shortest,87.8
T001801,AI001801,60.4,171.8,73,Medium,Shortest,86.2
T001802,AI001802,4.55,11.88,99,Low,Shortest,96.8
T001803,AI001803,55.04,146.66,85,Medium,Shortest,97.1
T001804,AI001804,28.29,76.56,95,Low,Fastest,94.5
T001805,AI001805,9.2,25.25,96,Low,Eco,89.4
T001806,AI001806,21.72,58.33,77,Medium,Eco,90.1
T001807,AI001807,37.1,103.73,85,Medium,Eco,94.9
T001808,AI001808,28.55,75.2,81,Low,Eco,90.5
T001809,AI001809,56.82,141.6,99,Medium,Shortest,87.0
T001810,AI001810,46.01,123.5,78,Medium,Eco,87.3
T001811,AI001811,5.24,13.78,81,Low,Shortest,90.8
T001812,AI001812,34.38,88.3,89,Low,Eco,91.4
T001813,AI001813,21.96,61.11,78,Medium,Shortest,98.0
T001814,AI001814,20.2,56.25,78,Medium,Shortest,85.3
T001815,AI001815,2.26,5.87,74,Low,Eco,96.0
T001816,AI001816,34.38,94.74,76,Medium,Shortest,87.8
T001817,AI001817,6.35,17.77,73,Medium,Eco,88.5
T001818,AI001818,29.55,86.37,75,High,Eco,97.2
T001819,AI001819,31.3,86.75,80,Low,Shortest,98.0
T001820,AI001820,30.57,83.44,75,Low,Shortest,91.5
T001821,AI001821,30.38,83.73,94,Medium,Shortest,98.4
T001822,AI001822,7.91,21.16,89,Low,Eco,89.3
T001823,AI001823,34.1,98.33,82,Low,Eco,95.9
T001824,AI001824,18.94,47.6,84,Low,Shortest,90.3
T001825,AI001825,5.35,13.48,86,Medium,Shortest,92.9
T001826,AI001826,28.36,73.94,70,High,Eco,94.5
T001827,AI001827,17.25,45.84,86,Medium,Eco,92.5
T001828,AI001828,33.72,90.08,97,Low,Eco,88.8
T001829,AI001829,15.7,42.53,93,Medium,Eco,93.7
T001830,AI001830,18.62,53.07,78,Medium,Shortest,88.4
T001831,AI001831,31.44,79.06,95,Medium,Eco,92.8
T001832,AI001832,29.12,75.26,89,Medium,Shortest,98.7
T001833,AI001833,13.09,38.03,78,Medium,Shortest,86.4
T001834,AI001834,31.51,87.0,98,Low,Shortest,95.4
T001835,AI001835,7.19,19.36,79,Medium,Eco,97.3
T001836,AI001836,48.07,127.16,88,Medium,Shortest,87.8
T001837,AI001837,15.75,41.24,88,Medium,Shortest,85.3
T001838,AI001838,2.55,6.87,85,Low,Eco,96.8
T001839,AI001839,30.38,81.32,79,High,Shortest,94.8
T001840,AI001840,11.95,30.79,90,Low,Shortest,97.4
T001841,AI001841,9.32,24.58,77,Low,Shortest,96.8
T001842,AI001842,10.28,27.83,76,Low,Shortest,92.8
T001843,AI001843,49.08,128.4,78,Medium,Shortest,97.4
T001844,AI001844,63.76,174.34,71,Medium,Shortest,90.1
T001845,AI001845,17.05,45.75,70,High,Fastest,94.0
T001846,AI001846,8.31,24.32,80,Medium,Fastest,89.1
T001847,AI001847,2.44,6.48,71,Medium,Eco,97.7
T001848,AI001848,37.75,108.31,80,Medium,Eco,89.6
T001849,AI001849,6.03,17.15,86,Low,Shortest,97.2
T001850,AI001850,30.62,84.57,96,Medium,Shortest,96.8
T001851,AI001851,57.17,151.61,86,Low,Eco,94.2
T001852,AI001852,2.17,5.93,99,Medium,Eco,97.1
T001853,AI001853,7.86,21.05,81,Medium,Shortest,90.2
T001854,AI001854,11.19,30.65,97,Low,Shortest,93.4
T001855,AI001855,23.9,65.48,91,Low,Shortest,87.2
T001856,AI001856,29.95,80.52,94,High,Eco,87.1
T001857,AI001857,21.05,59.97,80,High,Shortest,96.1
T001858,AI001858,20.61,58.59,91,High,Eco,98.6
T001859,AI001859,1.58,4.36,81,Low,Fastest,91.6
T001860,AI001860,11.51,30.1,86,Low,Eco,98.8
T001861,AI001861,12.44,31.19,75,Low,Eco,85.7
T001862,AI001862,17.26,45.75,75,Medium,Shortest,92.8
T001863,AI001863,4.58,12.03,79,Low,Eco,86.3
T001864,AI001864,28.59,73.19,91,Low,Eco,93.4
T001865,AI001865,4.54,11.86,86,Low,Shortest,86.2
T001866,AI001866,6.4,16.13,74,Low,Eco,96.1
T001867,AI001867,40.09,106.13,96,Medium,Eco,95.9
T001868,AI001868,15.55,41.97,78,Low,Shortest,94.5
T001869,AI001869,33.08,84.71,82,Medium,Shortest,94.5
T001870,AI001870,30.91,77.1,82,Medium,Shortest,91.7
T001871,AI001871,25.01,68.27,76,Medium,Shortest,87.5
T001872,AI001872,9.08,23.03,86,Low,Shortest,98.2
T001873,AI001873,7.57,20.13,92,Medium,Shortest,97.2
T001874,AI001874,16.9,46.73,99,Low,Shortest,93.6
T001875,AI001875,6.92,17.79,89,Medium,Shortest,89.7
T001876,AI001876,36.59,107.29,70,Medium,Shortest,91.7
T001877,AI001877,33.39,94.92,96,Medium,Shortest,89.0
T001878,AI001878,7.65,20.35,97,Low,Shortest,88.1
T001879,AI001879,2.28,6.43,98,High,Eco,88.4
T001880,AI001880,1.73,4.61,70,High,Eco,98.4
T001881,AI001881,11.49,29.75,92,Low,Shortest,93.8
T001882,AI001882,33.82,90.28,86,Low,Fastest,87.1
T001883,AI001883,39.16,112.68,98,Medium,Eco,94.9
T001884,AI001884,12.62,31.33,85,High,Eco,94.8
T001885,AI001885,23.13,56.66,90,Low,Shortest,96.0
T001886,AI001886,7.42,19.32,88,Low,Eco,86.3
T001887,AI001887,32.13,81.61,94,Low,Shortest,98.7
T001888,AI001888,12.26,34.17,82,Low,Shortest,92.0
T001889,AI001889,12.6,36.0,84,Low,Shortest,92.0
T001890,AI001890,31.98,90.63,75,Medium,Shortest,95.6
T001891,AI001891,13.3,34.76,72,Low,Eco,96.8
T001892,AI001892,21.02,61.69,95,High,Shortest,94.7
T001893,AI001893,5.03,12.48,88,Low,Eco,94.1
T001894,AI001894,17.36,43.52,81,Medium,Shortest,90.2
T001895,AI001895,11.12,30.93,78,Medium,Shortest,90.8
T001896,AI001896,5.01,13.12,89,Low,Eco,94.5
T001897,AI001897,14.96,39.18,71,Low,Eco,97.5
T001898,AI001898,17.38,45.63,90,Medium,Eco,95.7
T001899,AI001899,5.07,14.31,71,Medium,Eco,94.5
T001900,AI001900,23.04,66.47,95,Low,Shortest,93.1
T001901,AI001901,64.99,170.92,71,Medium,Eco,98.5
T001902,AI001902,20.65,55.51,86,High,Eco,86.0
T001903,AI001903,6.96,18.05,90,Medium,Eco,87.6
T001904,AI001904,11.42,30.83,94,High,Eco,95.8
T001905,AI001905,9.67,24.18,99,Low,Eco,96.9
T001906,AI001906,29.55,83.21,76,Low,Shortest,96.2
T001907,AI001907,38.43,109.8,91,Medium,Shortest,87.6
T001908,AI001908,27.48,72.97,70,High,Eco,95.5
T001909,AI001909,24.61,64.37,95,Medium,Shortest,92.4
T001910,AI001910,17.95,51.76,75,Low,Shortest,86.5
T001911,AI001911,17.49,49.21,83,Medium,Eco,95.2
T001912,AI001912,27.91,75.56,75,Low,Eco,94.9
T001913,AI001913,4.74,13.14,78,Low,Eco,89.1
T001914,AI001914,18.89,48.99,73,Low,Eco,85.4
T001915,AI001915,29.04,77.61,79,Medium,Shortest,94.7
T001916,AI001916,27.36,71.5,88,Medium,Eco,87.7
T001917,AI001917,9.76,25.42,75,Low,Shortest,87.6
T001918,AI001918,23.57,65.47,75,Medium,Eco,89.4
T001919,AI001919,3.8,9.48,90,Low,Eco,93.3
T001920,AI001920,15.61,43.46,80,High,Eco,96.8
T001921,AI001921,24.58,66.92,79,Medium,Eco,95.4
T001922,AI001922,22.1,56.57,87,Medium,Eco,93.1
T001923,AI001923,28.75,82.6,81,Low,Eco,88.2
T001924,AI001924,24.59,68.99,93,Medium,Fastest,85.1
T001925,AI001925,26.25,72.44,76,Medium,Eco,90.3
T001926,AI001926,38.42,103.82,93,Medium,Eco,97.6
T001927,AI001927,4.01,10.44,99,Medium,Shortest,97.9
T001928,AI001928,7.91,21.91,80,Low,Eco,88.5
T001929,AI001929,15.35,44.35,91,Low,Eco,93.9
T001930,AI001930,25.42,68.59,98,Medium,Shortest,86.0
T001931,AI001931,29.86,73.26,70,Medium,Shortest,90.6
T001932,AI001932,26.99,68.42,83,Low,Shortest,98.3
T001933,AI001933,23.07,62.63,83,Medium,Shortest,93.9
T001934,AI001934,35.13,97.66,91,High,Eco,88.0
T001935,AI001935,10.31,28.45,76,Medium,Shortest,89.7
T001936,AI001936,22.78,57.92,97,Medium,Eco,86.8
T001937,AI001937,16.17,43.17,81,High,Eco,92.0
T001938,AI001938,19.68,53.82,71,Low,Eco,86.6
T001939,AI001939,50.07,135.92,85,Low,Eco,90.6
T001940,AI001940,25.6,65.9,82,High,Eco,85.5
T001941,AI001941,13.75,37.25,84,Low,Shortest,98.7
T001942,AI001942,27.62,74.52,94,Low,Eco,89.5
T001943,AI001943,13.05,32.49,71,Low,Eco,94.5
T001944,AI001944,47.96,131.44,87,Medium,Shortest,97.5
T001945,AI001945,16.59,45.22,96,High,Eco,94.7
T001946,AI001946,20.75,55.15,91,Low,Shortest,96.0
T001947,AI001947,16.56,41.82,95,Low,Eco,98.8
T001948,AI001948,14.48,42.17,76,Low,Shortest,92.2
T001949,AI001949,19.79,51.51,96,Medium,Eco,85.3
T001950,AI001950,40.07,107.93,80,Medium,Eco,94.4
T001951,AI001951,38.19,99.88,82,Low,Eco,87.9
T001952,AI001952,18.97,51.4,80,Medium,Eco,86.7
T001953,AI001953,29.92,82.88,98,High,Eco,98.6
T001954,AI001954,26.02,69.89,77,Low,Shortest,85.8
T001955,AI001955,8.23,21.71,86,Low,Shortest,94.6
T001956,AI001956,18.88,48.11,82,Low,Eco,88.4
T001957,AI001957,2.36,6.16,81,Medium,Shortest,92.0
T001958,AI001958,26.75,77.89,70,High,Eco,97.0
T001959,AI001959,5.41,15.32,82,Medium,Fastest,94.4
T001960,AI001960,27.73,74.41,88,Low,Shortest,94.4
T001961,AI001961,24.58,64.86,99,High,Shortest,94.8
T001962,AI001962,31.64,81.29,93,Low,Eco,91.2
T001963,AI001963,22.45,57.64,73,Low,Eco,97.9
T001964,AI001964,8.44,21.91,72,Medium,Eco,89.9
T001965,AI001965,17.08,43.57,99,Medium,Eco,91.7
T001966,AI001966,8.37,22.29,86,Low,Eco,90.9
T001967,AI001967,2.75,7.71,78,Medium,Eco,90.4
T001968,AI001968,16.12,45.76,76,Low,Shortest,91.3
T001969,AI001969,18.14,50.43,98,Low,Shortest,95.4
T001970,AI001970,21.68,60.49,70,Medium,Eco,85.8
T001971,AI001971,22.07,61.69,90,High,Eco,93.0
T001972,AI001972,19.25,47.78,75,Low,Eco,96.5
T001973,AI001973,21.14,56.59,71,Low,Shortest,93.8
T001974,AI001974,13.19,35.21,96,Low,Eco,97.6
T001975,AI001975,16.91,46.13,99,Low,Shortest,92.7
T001976,AI001976,7.55,20.21,98,Low,Eco,91.0
T001977,AI001977,30.82,82.22,72,High,Eco,90.5
T001978,AI001978,17.49,45.0,75,Medium,Eco,88.0
T001979,AI001979,24.28,66.32,88,High,Eco,89.8
T001980,AI001980,25.28,66.18,85,Medium,Shortest,95.9
T001981,AI001981,55.09,150.58,81,Medium,Shortest,90.1
T001982,AI001982,2.57,7.01,92,Medium,Shortest,87.8
T001983,AI001983,40.01,104.26,97,High,Shortest,96.2
T001984,AI001984,3.92,9.66,71,Low,Eco,93.3
T001985,AI001985,34.53,91.52,81,Medium,Eco,91.9
T001986,AI001986,20.02,54.24,86,Medium,Eco,93.8
T001987,AI001987,14.18,37.48,88,Low,Shortest,86.7
T001988,AI001988,50.75,128.55,84,High,Shortest,90.1
T001989,AI001989,2.93,7.47,84,High,Eco,91.9
T001990,AI001990,19.54,50.53,91,Low,Eco,96.9
T001991,AI001991,5.25,14.15,86,High,Eco,91.6
T001992,AI001992,4.15,10.73,91,Low,Eco,92.4
T001993,AI001993,9.75,24.33,77,Low,Eco,86.2
T001994,AI001994,4.57,12.44,80,Low,Eco,92.0
T001995,AI001995,18.21,50.58,86,Low,Shortest,86.0
T001996,AI001996,29.62,82.93,91,High,Shortest,95.0
T001997,AI001997,11.4,30.26,93,Medium,Shortest,95.8
T001998,AI001998,14.91,41.56,81,Medium,Eco,98.5
T001999,AI001999,58.88,155.24,97,High,Eco,94.5
T002000,AI002000,8.46,22.87,95,Medium,Shortest,96.6
