driver_id,name,username,email,phone,eco_score,status
D0001,Driver 1,driver1,driver1@mail.com,9895822412,73,Approved
D0002,Driver 2,driver2,driver2@mail.com,9813356886,93,Approved
D0003,Driver 3,driver3,driver3@mail.com,9846913810,77,Approved
D0004,Driver 4,driver4,driver4@mail.com,9839958838,74,Approved
D0005,Driver 5,driver5,driver5@mail.com,9823756669,91,Approved
D0006,Driver 6,driver6,driver6@mail.com,9883197857,72,Approved
D0007,Driver 7,driver7,driver7@mail.com,9889254563,83,Approved
D0008,Driver 8,driver8,driver8@mail.com,9814265799,70,Approved
D0009,Driver 9,driver9,driver9@mail.com,9822575562,76,Approved
D0010,Driver 10,driver10,driver10@mail.com,9841227216,86,Approved
D0011,Driver 11,driver11,driver11@mail.com,9890801586,70,Approved
D0012,Driver 12,driver12,driver12@mail.com,9885329037,76,Approved
D0013,Driver 13,driver13,driver13@mail.com,9897226012,92,Approved
D0014,Driver 14,driver14,driver14@mail.com,9883140807,83,Approved
D0015,Driver 15,driver15,driver15@mail.com,9839587039,84,Approved
D0016,Driver 16,driver16,driver16@mail.com,9889089901,78,Approved
D0017,Driver 17,driver17,driver17@mail.com,9810872248,94,Approved
D0018,Driver 18,driver18,driver18@mail.com,9831429110,92,Approved
D0019,Driver 19,driver19,driver19@mail.com,9866722344,80,Approved
D0020,Driver 20,driver20,driver20@mail.com,9847295260,74,Approved
D0021,Driver 21,driver21,driver21@mail.com,9838898923,94,Approved
D0022,Driver 22,driver22,driver22@mail.com,9855176955,73,Approved
D0023,Driver 23,driver23,driver23@mail.com,9822448136,82,Approved
D0024,Driver 24,driver24,driver24@mail.com,9822981052,81,Approved
D0025,Driver 25,driver25,driver25@mail.com,9856164955,89,Approved
D0026,Driver 26,driver26,driver26@mail.com,9845503389,95,Approved
D0027,Driver 27,driver27,driver27@mail.com,9815831819,93,Approved
D0028,Driver 28,driver28,driver28@mail.com,9871662963,87,Approved
D0029,Driver 29,driver29,driver29@mail.com,9826753883,99,Approved
D0030,Driver 30,driver30,driver30@mail.com,9860806024,72,Approved
D0031,Driver 31,driver31,driver31@mail.com,9884093639,79,Approved
D0032,Driver 32,driver32,driver32@mail.com,9894374605,89,Approved
D0033,Driver 33,driver33,driver33@mail.com,9858537831,88,Approved
D0034,Driver 34,driver34,driver34@mail.com,9835808537,92,Approved
D0035,Driver 35,driver35,driver35@mail.com,9819335534,71,Approved
D0036,Driver 36,driver36,driver36@mail.com,9898753260,77,Approved
D0037,Driver 37,driver37,driver37@mail.com,9848840994,72,Approved
D0038,Driver 38,driver38,driver38@mail.com,9841244663,97,Approved
D0039,Driver 39,driver39,driver39@mail.com,9823556182,82,Approved
D0040,Driver 40,driver40,driver40@mail.com,9847308985,84,Approved
D0041,Driver 41,driver41,driver41@mail.com,9895320121,96,Approved
D0042,Driver 42,driver42,driver42@mail.com,9858966946,75,Approved
D0043,Driver 43,driver43,driver43@mail.com,9859684848,81,Approved
D0044,Driver 44,driver44,driver44@mail.com,9838119557,91,Approved
D0045,Driver 45,driver45,driver45@mail.com,9845833156,92,Approved
D0046,Driver 46,driver46,driver46@mail.com,9896977837,72,Approved
D0047,Driver 47,driver47,driver47@mail.com,9891756179,90,Approved
D0048,Driver 48,driver48,driver48@mail.com,9832969840,87,Approved
D0049,Driver 49,driver49,driver49@mail.com,9842857966,75,Approved
D0050,Driver 50,driver50,driver50@mail.com,9872043515,82,Approved
D0051,Driver 51,driver51,driver51@mail.com,9846231783,99,Approved
D0052,Driver 52,driver52,driver52@mail.com,9895899313,92,Approved
D0053,Driver 53,driver53,driver53@mail.com,9884752529,77,Approved
D0054,Driver 54,driver54,driver54@mail.com,9853524491,96,Approved
D0055,Driver 55,driver55,driver55@mail.com,9817507864,77,Approved
D0056,Driver 56,driver56,driver56@mail.com,9814308421,95,Approved
D0057,Driver 57,driver57,driver57@mail.com,9852339391,82,Approved
D0058,Driver 58,driver58,driver58@mail.com,9845935572,72,Approved
D0059,Driver 59,driver59,driver59@mail.com,9838317637,99,Approved
D0060,Driver 60,driver60,driver60@mail.com,9886125617,98,Approved
D0061,Driver 61,driver61,driver61@mail.com,9852235350,76,Approved
D0062,Driver 62,driver62,driver62@mail.com,9897971488,85,Approved
D0063,Driver 63,driver63,driver63@mail.com,9863100814,98,Approved
D0064,Driver 64,driver64,driver64@mail.com,9896282117,84,Approved
D0065,Driver 65,driver65,driver65@mail.com,9829175900,78,Approved
D0066,Driver 66,driver66,driver66@mail.com,9828740864,77,Approved
D0067,Driver 67,driver67,driver67@mail.com,9885345555,87,Approved
D0068,Driver 68,driver68,driver68@mail.com,9845264581,93,Approved
D0069,Driver 69,driver69,driver69@mail.com,9888461803,83,Approved
D0070,Driver 70,driver70,driver70@mail.com,9888320463,82,Approved
D0071,Driver 71,driver71,driver71@mail.com,9858586340,77,Approved
D0072,Driver 72,driver72,driver72@mail.com,9828566572,86,Approved
D0073,Driver 73,driver73,driver73@mail.com,9876238574,72,Approved
D0074,Driver 74,driver74,driver74@mail.com,9816323852,97,Approved
D0075,Driver 75,driver75,driver75@mail.com,9824716857,74,Approved
D0076,Driver 76,driver76,driver76@mail.com,9894214382,75,Approved
D0077,Driver 77,driver77,driver77@mail.com,9866661351,89,Approved
D0078,Driver 78,driver78,driver78@mail.com,9818526544,82,Approved
D0079,Driver 79,driver79,driver79@mail.com,9861220073,89,Approved
D0080,Driver 80,driver80,driver80@mail.com,9872820592,86,Approved
D0081,Driver 81,driver81,driver81@mail.com,9843744231,87,Approved
D0082,Driver 82,driver82,driver82@mail.com,9811540956,91,Approved
D0083,Driver 83,driver83,driver83@mail.com,9825374874,91,Approved
D0084,Driver 84,driver84,driver84@mail.com,9882070937,94,Approved
D0085,Driver 85,driver85,driver85@mail.com,9845812670,94,Approved
D0086,Driver 86,driver86,driver86@mail.com,9896028436,80,Approved
D0087,Driver 87,driver87,driver87@mail.com,9824972279,79,Approved
D0088,Driver 88,driver88,driver88@mail.com,9868353204,75,Approved
D0089,Driver 89,driver89,driver89@mail.com,9870897765,70,Approved
D0090,Driver 90,driver90,driver90@mail.com,9845351479,86,Approved
D0091,Driver 91,driver91,driver91@mail.com,9833978249,86,Approved
D0092,Driver 92,driver92,driver92@mail.com,9824282218,97,Approved
D0093,Driver 93,driver93,driver93@mail.com,9893926371,79,Approved
D0094,Driver 94,driver94,driver94@mail.com,9895758349,86,Approved
D0095,Driver 95,driver95,driver95@mail.com,9891734598,76,Approved
D0096,Driver 96,driver96,driver96@mail.com,9830513739,81,Approved
D0097,Driver 97,driver97,driver97@mail.com,9831682744,87,Approved
D0098,Driver 98,driver98,driver98@mail.com,9881182864,99,Approved
D0099,Driver 99,driver99,driver99@mail.com,9810076758,89,Approved
D0100,Driver 100,driver100,driver100@mail.com,9853507489,85,Approved
D0101,Driver 101,driver101,driver101@mail.com,9812614124,73,Approved
D0102,Driver 102,driver102,driver102@mail.com,9858718453,98,Approved
D0103,Driver 103,driver103,driver103@mail.com,9851273847,77,Approved
D0104,Driver 104,driver104,driver104@mail.com,9817774584,77,Approved
D0105,Driver 105,driver105,driver105@mail.com,9886149359,72,Approved
D0106,Driver 106,driver106,driver106@mail.com,9821496211,93,Approved
D0107,Driver 107,driver107,driver107@mail.com,9875228535,96,Approved
D0108,Driver 108,driver108,driver108@mail.com,9819289546,94,Approved
D0109,Driver 109,driver109,driver109@mail.com,9881498611,94,Approved
D0110,Driver 110,driver110,driver110@mail.com,9826879290,74,Approved
D0111,Driver 111,driver111,driver111@mail.com,9898550256,85,Approved
D0112,Driver 112,driver112,driver112@mail.com,9883793389,75,Approved
D0113,Driver 113,driver113,driver113@mail.com,9845575298,86,Approved
D0114,Driver 114,driver114,driver114@mail.com,9891415657,83,Approved
D0115,Driver 115,driver115,driver115@mail.com,9838427073,99,Approved
D0116,Driver 116,driver116,driver116@mail.com,9882383095,94,Approved
D0117,Driver 117,driver117,driver117@mail.com,9836998038,92,Approved
D0118,Driver 118,driver118,driver118@mail.com,9851837852,82,Approved
D0119,Driver 119,driver119,driver119@mail.com,9897225156,81,Approved
D0120,Driver 120,driver120,driver120@mail.com,9868800797,98,Approved
D0121,Driver 121,driver121,driver121@mail.com,9879467853,84,Approved
D0122,Driver 122,driver122,driver122@mail.com,9826240908,77,Approved
D0123,Driver 123,driver123,driver123@mail.com,9840158366,72,Approved
D0124,Driver 124,driver124,driver124@mail.com,9855377076,70,Approved
D0125,Driver 125,driver125,driver125@mail.com,9888961459,87,Approved
D0126,Driver 126,driver126,driver126@mail.com,9840885476,88,Approved
D0127,Driver 127,driver127,driver127@mail.com,9839557077,70,Approved
D0128,Driver 128,driver128,driver128@mail.com,9819528530,92,Approved
D0129,Driver 129,driver129,driver129@mail.com,9894705205,71,Approved
D0130,Driver 130,driver130,driver130@mail.com,9840728046,72,Approved
D0131,Driver 131,driver131,driver131@mail.com,9814216175,97,Approved
D0132,Driver 132,driver132,driver132@mail.com,9854349361,72,Approved
D0133,Driver 133,driver133,driver133@mail.com,9879008866,77,Approved
D0134,Driver 134,driver134,driver134@mail.com,9847376585,91,Approved
D0135,Driver 135,driver135,driver135@mail.com,9875151231,76,Approved
D0136,Driver 136,driver136,driver136@mail.com,9882374753,74,Approved
D0137,Driver 137,driver137,driver137@mail.com,9886644106,88,Approved
D0138,Driver 138,driver138,driver138@mail.com,9873440831,77,Approved
D0139,Driver 139,driver139,driver139@mail.com,9873481353,95,Approved
D0140,Driver 140,driver140,driver140@mail.com,9864634663,76,Approved
D0141,Driver 141,driver141,driver141@mail.com,9822660194,73,Approved
D0142,Driver 142,driver142,driver142@mail.com,9898447167,83,Approved
D0143,Driver 143,driver143,driver143@mail.com,9857553014,83,Approved
D0144,Driver 144,driver144,driver144@mail.com,9865177213,84,Approved
D0145,Driver 145,driver145,driver145@mail.com,9817270733,91,Approved
D0146,Driver 146,driver146,driver146@mail.com,9897705310,90,Approved
D0147,Driver 147,driver147,driver147@mail.com,9823209423,71,Approved
D0148,Driver 148,driver148,driver148@mail.com,9864038913,93,Approved
D0149,Driver 149,driver149,driver149@mail.com,9855540424,95,Approved
D0150,Driver 150,driver150,driver150@mail.com,9824665841,77,Approved
D0151,Driver 151,driver151,driver151@mail.com,9835714784,76,Approved
D0152,Driver 152,driver152,driver152@mail.com,9881979055,84,Approved
D0153,Driver 153,driver153,driver153@mail.com,9828814949,83,Approved
D0154,Driver 154,driver154,driver154@mail.com,9834627347,78,Approved
D0155,Driver 155,driver155,driver155@mail.com,9872092888,77,Approved
D0156,Driver 156,driver156,driver156@mail.com,9820117988,84,Approved
D0157,Driver 157,driver157,driver157@mail.com,9883863413,73,Approved
D0158,Driver 158,driver158,driver158@mail.com,9816789850,90,Approved
D0159,Driver 159,driver159,driver159@mail.com,9882556484,96,Approved
D0160,Driver 160,driver160,driver160@mail.com,9811980765,72,Approved
D0161,Driver 161,driver161,driver161@mail.com,9841726318,75,Approved
D0162,Driver 162,driver162,driver162@mail.com,9864547971,85,Approved
D0163,Driver 163,driver163,driver163@mail.com,9874606833,76,Approved
D0164,Driver 164,driver164,driver164@mail.com,9863826716,98,Approved
D0165,Driver 165,driver165,driver165@mail.com,9817869910,75,Approved
D0166,Driver 166,driver166,driver166@mail.com,9860864911,70,Approved
D0167,Driver 167,driver167,driver167@mail.com,9862401521,78,Approved
D0168,Driver 168,driver168,driver168@mail.com,9871070189,79,Approved
D0169,Driver 169,driver169,driver169@mail.com,9866775103,92,Approved
D0170,Driver 170,driver170,driver170@mail.com,9884593961,91,Approved
D0171,Driver 171,driver171,driver171@mail.com,9875319931,74,Approved
D0172,Driver 172,driver172,driver172@mail.com,9835487660,79,Approved
D0173,Driver 173,driver173,driver173@mail.com,9839219319,71,Approved
D0174,Driver 174,driver174,driver174@mail.com,9887736262,93,Approved
D0175,Driver 175,driver175,driver175@mail.com,9882772208,71,Approved
D0176,Driver 176,driver176,driver176@mail.com,9852091325,71,Approved
D0177,Driver 177,driver177,driver177@mail.com,9816729990,88,Approved
D0178,Driver 178,driver178,driver178@mail.com,9873993471,86,Approved
D0179,Driver 179,driver179,driver179@mail.com,9881286543,75,Approved
D0180,Driver 180,driver180,driver180@mail.com,9817634247,86,Approved
D0181,Driver 181,driver181,driver181@mail.com,9820752378,97,Approved
D0182,Driver 182,driver182,driver182@mail.com,9834941004,72,Approved
D0183,Driver 183,driver183,driver183@mail.com,9889864260,72,Approved
D0184,Driver 184,driver184,driver184@mail.com,9841568532,82,Approved
D0185,Driver 185,driver185,driver185@mail.com,9826090908,98,Approved
D0186,Driver 186,driver186,driver186@mail.com,9886460539,77,Approved
D0187,Driver 187,driver187,driver187@mail.com,9887701200,89,Approved
D0188,Driver 188,driver188,driver188@mail.com,9815334035,89,Approved
D0189,Driver 189,driver189,driver189@mail.com,9821003626,83,Approved
D0190,Driver 190,driver190,driver190@mail.com,9898231132,88,Approved
D0191,Driver 191,driver191,driver191@mail.com,9885863473,86,Approved
D0192,Driver 192,driver192,driver192@mail.com,9852462441,99,Approved
D0193,Driver 193,driver193,driver193@mail.com,9844999379,76,Approved
D0194,Driver 194,driver194,driver194@mail.com,9899889098,92,Approved
D0195,Driver 195,driver195,driver195@mail.com,9852169044,77,Approved
D0196,Driver 196,driver196,driver196@mail.com,9845650176,82,Approved
D0197,Driver 197,driver197,driver197@mail.com,9827566185,91,Approved
D0198,Driver 198,driver198,driver198@mail.com,9896637649,79,Approved
D0199,Driver 199,driver199,driver199@mail.com,9871367643,80,Approved
D0200,Driver 200,driver200,driver200@mail.com,9819736572,70,Approved
D0201,Driver 201,driver201,driver201@mail.com,9871510041,89,Approved
D0202,Driver 202,driver202,driver202@mail.com,9885563727,73,Approved
D0203,Driver 203,driver203,driver203@mail.com,9819832887,87,Approved
D0204,Driver 204,driver204,driver204@mail.com,9838609087,86,Approved
D0205,Driver 205,driver205,driver205@mail.com,9845594597,74,Approved
D0206,Driver 206,driver206,driver206@mail.com,9856843172,98,Approved
D0207,Driver 207,driver207,driver207@mail.com,9819233013,98,Approved
D0208,Driver 208,driver208,driver208@mail.com,9842787299,81,Approved
D0209,Driver 209,driver209,driver209@mail.com,9848250360,75,Approved
D0210,Driver 210,driver210,driver210@mail.com,9868812137,96,Approved
D0211,Driver 211,driver211,driver211@mail.com,9882909480,92,Approved
D0212,Driver 212,driver212,driver212@mail.com,9850603163,89,Approved
D0213,Driver 213,driver213,driver213@mail.com,9897775215,86,Approved
D0214,Driver 214,driver214,driver214@mail.com,9811049999,91,Approved
D0215,Driver 215,driver215,driver215@mail.com,9884437458,79,Approved
D0216,Driver 216,driver216,driver216@mail.com,9899038526,73,Approved
D0217,Driver 217,driver217,driver217@mail.com,9828024248,78,Approved
D0218,Driver 218,driver218,driver218@mail.com,9825492573,98,Approved
D0219,Driver 219,driver219,driver219@mail.com,9824366125,93,Approved
D0220,Driver 220,driver220,driver220@mail.com,9884252420,74,Approved
D0221,Driver 221,driver221,driver221@mail.com,9846553958,79,Approved
D0222,Driver 222,driver222,driver222@mail.com,9891178885,76,Approved
D0223,Driver 223,driver223,driver223@mail.com,9856020613,76,Approved
D0224,Driver 224,driver224,driver224@mail.com,9895125977,97,Approved
D0225,Driver 225,driver225,driver225@mail.com,9845431319,86,Approved
D0226,Driver 226,driver226,driver226@mail.com,9875569635,78,Approved
D0227,Driver 227,driver227,driver227@mail.com,9816818112,72,Approved
D0228,Driver 228,driver228,driver228@mail.com,9895132217,83,Approved
D0229,Driver 229,driver229,driver229@mail.com,9847135391,71,Approved
D0230,Driver 230,driver230,driver230@mail.com,9810475894,80,Approved
D0231,Driver 231,driver231,driver231@mail.com,9827558317,90,Approved
D0232,Driver 232,driver232,driver232@mail.com,9845159040,75,Approved
D0233,Driver 233,driver233,driver233@mail.com,9869302158,87,Approved
D0234,Driver 234,driver234,driver234@mail.com,9867403166,87,Approved
D0235,Driver 235,driver235,driver235@mail.com,9811297845,73,Approved
D0236,Driver 236,driver236,driver236@mail.com,9820099059,98,Approved
D0237,Driver 237,driver237,driver237@mail.com,9830005727,87,Approved
D0238,Driver 238,driver238,driver238@mail.com,9814835614,96,Approved
D0239,Driver 239,driver239,driver239@mail.com,9859555330,88,Approved
D0240,Driver 240,driver240,driver240@mail.com,9884158663,74,Approved
D0241,Driver 241,driver241,driver241@mail.com,9867684996,74,Approved
D0242,Driver 242,driver242,driver242@mail.com,9815614174,79,Approved
D0243,Driver 243,driver243,driver243@mail.com,9858942697,98,Approved
D0244,Driver 244,driver244,driver244@mail.com,9815354599,98,Approved
D0245,Driver 245,driver245,driver245@mail.com,9858024342,76,Approved
D0246,Driver 246,driver246,driver246@mail.com,9843491314,91,Approved
D0247,Driver 247,driver247,driver247@mail.com,9823796726,81,Approved
D0248,Driver 248,driver248,driver248@mail.com,9885146293,98,Approved
D0249,Driver 249,driver249,driver249@mail.com,9864543049,89,Approved
D0250,Driver 250,driver250,driver250@mail.com,9830743797,99,Approved
D0251,Driver 251,driver251,driver251@mail.com,9841774346,97,Approved
D0252,Driver 252,driver252,driver252@mail.com,9831810617,95,Approved
D0253,Driver 253,driver253,driver253@mail.com,9833763566,98,Approved
D0254,Driver 254,driver254,driver254@mail.com,9865337219,70,Approved
D0255,Driver 255,driver255,driver255@mail.com,9834073380,93,Approved
D0256,Driver 256,driver256,driver256@mail.com,9854585178,95,Approved
D0257,Driver 257,driver257,driver257@mail.com,9865259205,95,Approved
D0258,Driver 258,driver258,driver258@mail.com,9899913412,97,Approved
D0259,Driver 259,driver259,driver259@mail.com,9843308443,78,Approved
D0260,Driver 260,driver260,driver260@mail.com,9831367172,95,Approved
D0261,Driver 261,driver261,driver261@mail.com,9824508349,82,Approved
D0262,Driver 262,driver262,driver262@mail.com,9815197528,97,Approved
D0263,Driver 263,driver263,driver263@mail.com,9873174945,77,Approved
D0264,Driver 264,driver264,driver264@mail.com,9836786211,96,Approved
D0265,Driver 265,driver265,driver265@mail.com,9871780854,81,Approved
D0266,Driver 266,driver266,driver266@mail.com,9850962024,96,Approved
D0267,Driver 267,driver267,driver267@mail.com,9840547349,77,Approved
D0268,Driver 268,driver268,driver268@mail.com,9813176186,91,Approved
D0269,Driver 269,driver269,driver269@mail.com,9835921441,82,Approved
D0270,Driver 270,driver270,driver270@mail.com,9854058573,78,Approved
D0271,Driver 271,driver271,driver271@mail.com,9819317495,94,Approved
D0272,Driver 272,driver272,driver272@mail.com,9847463522,81,Approved
D0273,Driver 273,driver273,driver273@mail.com,9896098221,86,Approved
D0274,Driver 274,driver274,driver274@mail.com,9863643924,91,Approved
D0275,Driver 275,driver275,driver275@mail.com,9881969657,80,Approved
D0276,Driver 276,driver276,driver276@mail.com,9813704481,73,Approved
D0277,Driver 277,driver277,driver277@mail.com,9845059710,75,Approved
D0278,Driver 278,driver278,driver278@mail.com,9887925434,78,Approved
D0279,Driver 279,driver279,driver279@mail.com,9815134794,73,Approved
D0280,Driver 280,driver280,driver280@mail.com,9890070438,83,Approved
D0281,Driver 281,driver281,driver281@mail.com,9856397338,93,Approved
D0282,Driver 282,driver282,driver282@mail.com,9852101056,83,Approved
D0283,Driver 283,driver283,driver283@mail.com,9891363974,86,Approved
D0284,Driver 284,driver284,driver284@mail.com,9825521714,82,Approved
D0285,Driver 285,driver285,driver285@mail.com,9887388337,76,Approved
D0286,Driver 286,driver286,driver286@mail.com,9844188276,71,Approved
D0287,Driver 287,driver287,driver287@mail.com,9868526649,70,Approved
D0288,Driver 288,driver288,driver288@mail.com,9879782527,99,Approved
D0289,Driver 289,driver289,driver289@mail.com,9882269803,91,Approved
D0290,Driver 290,driver290,driver290@mail.com,9836445607,81,Approved
D0291,Driver 291,driver291,driver291@mail.com,9867887757,72,Approved
D0292,Driver 292,driver292,driver292@mail.com,9899152472,99,Approved
D0293,Driver 293,driver293,driver293@mail.com,9854318698,89,Approved
D0294,Driver 294,driver294,driver294@mail.com,9852133044,91,Approved
D0295,Driver 295,driver295,driver295@mail.com,9826726926,93,Approved
D0296,Driver 296,driver296,driver296@mail.com,9850308572,86,Approved
D0297,Driver 297,driver297,driver297@mail.com,9851511484,91,Approved
D0298,Driver 298,driver298,driver298@mail.com,9864813568,80,Approved
D0299,Driver 299,driver299,driver299@mail.com,9864009265,92,Approved
D0300,Driver 300,driver300,driver300@mail.com,9849682169,87,Approved
D0301,Driver 301,driver301,driver301@mail.com,9827084279,76,Approved
D0302,Driver 302,driver302,driver302@mail.com,9866431351,91,Approved
D0303,Driver 303,driver303,driver303@mail.com,9860888017,91,Approved
D0304,Driver 304,driver304,driver304@mail.com,9833357554,89,Approved
D0305,Driver 305,driver305,driver305@mail.com,9886384014,79,Approved
D0306,Driver 306,driver306,driver306@mail.com,9864502486,87,Approved
D0307,Driver 307,driver307,driver307@mail.com,9810054484,79,Approved
D0308,Driver 308,driver308,driver308@mail.com,9848508907,76,Approved
D0309,Driver 309,driver309,driver309@mail.com,9867698610,95,Approved
D0310,Driver 310,driver310,driver310@mail.com,9887844239,89,Approved
D0311,Driver 311,driver311,driver311@mail.com,9897873101,80,Approved
D0312,Driver 312,driver312,driver312@mail.com,9872409658,84,Approved
D0313,Driver 313,driver313,driver313@mail.com,9869345683,91,Approved
D0314,Driver 314,driver314,driver314@mail.com,9838682516,86,Approved
D0315,Driver 315,driver315,driver315@mail.com,9873509974,95,Approved
D0316,Driver 316,driver316,driver316@mail.com,9832775593,91,Approved
D0317,Driver 317,driver317,driver317@mail.com,9821381064,79,Approved
D0318,Driver 318,driver318,driver318@mail.com,9879182797,91,Approved
D0319,Driver 319,driver319,driver319@mail.com,9894951883,89,Approved
D0320,Driver 320,driver320,driver320@mail.com,9854988206,72,Approved
D0321,Driver 321,driver321,driver321@mail.com,9841523529,91,Approved
D0322,Driver 322,driver322,driver322@mail.com,9851663795,77,Approved
D0323,Driver 323,driver323,driver323@mail.com,9836726767,74,Approved
D0324,Driver 324,driver324,driver324@mail.com,9813278320,71,Approved
D0325,Driver 325,driver325,driver325@mail.com,9842862209,85,Approved
D0326,Driver 326,driver326,driver326@mail.com,9892043803,97,Approved
D0327,Driver 327,driver327,driver327@mail.com,9819774839,84,Approved
D0328,Driver 328,driver328,driver328@mail.com,9865625330,98,Approved
D0329,Driver 329,driver329,driver329@mail.com,9894525678,88,Approved
D0330,Driver 330,driver330,driver330@mail.com,9836096655,92,Approved
D0331,Driver 331,driver331,driver331@mail.com,9861536717,85,Approved
D0332,Driver 332,driver332,driver332@mail.com,9863640499,77,Approved
D0333,Driver 333,driver333,driver333@mail.com,9829806690,90,Approved
D0334,Driver 334,driver334,driver334@mail.com,9810744212,98,Approved
D0335,Driver 335,driver335,driver335@mail.com,9824305904,94,Approved
D0336,Driver 336,driver336,driver336@mail.com,9867062156,77,Approved
D0337,Driver 337,driver337,driver337@mail.com,9833607110,95,Approved
D0338,Driver 338,driver338,driver338@mail.com,9879519112,84,Approved
D0339,Driver 339,driver339,driver339@mail.com,9816740197,87,Approved
D0340,Driver 340,driver340,driver340@mail.com,9843446826,99,Approved
D0341,Driver 341,driver341,driver341@mail.com,9826288475,84,Approved
D0342,Driver 342,driver342,driver342@mail.com,9827896471,95,Approved
D0343,Driver 343,driver343,driver343@mail.com,9872363359,91,Approved
D0344,Driver 344,driver344,driver344@mail.com,9881287314,87,Approved
D0345,Driver 345,driver345,driver345@mail.com,9889920257,80,Approved
D0346,Driver 346,driver346,driver346@mail.com,9869401199,89,Approved
D0347,Driver 347,driver347,driver347@mail.com,9877750178,83,Approved
D0348,Driver 348,driver348,driver348@mail.com,9883534128,84,Approved
D0349,Driver 349,driver349,driver349@mail.com,9831361812,93,Approved
D0350,Driver 350,driver350,driver350@mail.com,9873709724,84,Approved
D0351,Driver 351,driver351,driver351@mail.com,9844788100,94,Approved
D0352,Driver 352,driver352,driver352@mail.com,9843183955,96,Approved
D0353,Driver 353,driver353,driver353@mail.com,9895585469,78,Approved
D0354,Driver 354,driver354,driver354@mail.com,9879967676,85,Approved
D0355,Driver 355,driver355,driver355@mail.com,9894120751,77,Approved
D0356,Driver 356,driver356,driver356@mail.com,9846855845,84,Approved
D0357,Driver 357,driver357,driver357@mail.com,9820399639,92,Approved
D0358,Driver 358,driver358,driver358@mail.com,9848349783,77,Approved
D0359,Driver 359,driver359,driver359@mail.com,9846468984,80,Approved
D0360,Driver 360,driver360,driver360@mail.com,9852910691,98,Approved
D0361,Driver 361,driver361,driver361@mail.com,9882498004,72,Approved
D0362,Driver 362,driver362,driver362@mail.com,9828572252,74,Approved
D0363,Driver 363,driver363,driver363@mail.com,9841039390,82,Approved
D0364,Driver 364,driver364,driver364@mail.com,9830509175,92,Approved
D0365,Driver 365,driver365,driver365@mail.com,9838716269,72,Approved
D0366,Driver 366,driver366,driver366@mail.com,9865682626,83,Approved
D0367,Driver 367,driver367,driver367@mail.com,9854410148,87,Approved
D0368,Driver 368,driver368,driver368@mail.com,9872535301,83,Approved
D0369,Driver 369,driver369,driver369@mail.com,9818357162,76,Approved
D0370,Driver 370,driver370,driver370@mail.com,9866390708,82,Approved
D0371,Driver 371,driver371,driver371@mail.com,9888393811,92,Approved
D0372,Driver 372,driver372,driver372@mail.com,9812621534,97,Approved
D0373,Driver 373,driver373,driver373@mail.com,9887267850,82,Approved
D0374,Driver 374,driver374,driver374@mail.com,9874019136,70,Approved
D0375,Driver 375,driver375,driver375@mail.com,9857212267,79,Approved
D0376,Driver 376,driver376,driver376@mail.com,9862343121,97,Approved
D0377,Driver 377,driver377,driver377@mail.com,9866240084,87,Approved
D0378,Driver 378,driver378,driver378@mail.com,9883300637,95,Approved
D0379,Driver 379,driver379,driver379@mail.com,9890967191,98,Approved
D0380,Driver 380,driver380,driver380@mail.com,9839600202,85,Approved
D0381,Driver 381,driver381,driver381@mail.com,9839450273,78,Approved
D0382,Driver 382,driver382,driver382@mail.com,9868496914,85,Approved
D0383,Driver 383,driver383,driver383@mail.com,9813895645,82,Approved
D0384,Driver 384,driver384,driver384@mail.com,9855114543,91,Approved
D0385,Driver 385,driver385,driver385@mail.com,9864266464,93,Approved
D0386,Driver 386,driver386,driver386@mail.com,9832151928,96,Approved
D0387,Driver 387,driver387,driver387@mail.com,9872732043,99,Approved
D0388,Driver 388,driver388,driver388@mail.com,9827129912,89,Approved
D0389,Driver 389,driver389,driver389@mail.com,9881688860,70,Approved
D0390,Driver 390,driver390,driver390@mail.com,9862884503,88,Approved
D0391,Driver 391,driver391,driver391@mail.com,9885751409,91,Approved
D0392,Driver 392,driver392,driver392@mail.com,9813637575,72,Approved
D0393,Driver 393,driver393,driver393@mail.com,9896268397,83,Approved
D0394,Driver 394,driver394,driver394@mail.com,9828213276,97,Approved
D0395,Driver 395,driver395,driver395@mail.com,9871968116,75,Approved
D0396,Driver 396,driver396,driver396@mail.com,9816749089,78,Approved
D0397,Driver 397,driver397,driver397@mail.com,9860882459,80,Approved
D0398,Driver 398,driver398,driver398@mail.com,9838408562,84,Approved
D0399,Driver 399,driver399,driver399@mail.com,9853868501,80,Approved
D0400,Driver 400,driver400,driver400@mail.com,9860885459,78,Approved
D0401,Driver 401,driver401,driver401@mail.com,9866581473,78,Approved
D0402,Driver 402,driver402,driver402@mail.com,9820993268,85,Approved
D0403,Driver 403,driver403,driver403@mail.com,9812601580,93,Approved
D0404,Driver 404,driver404,driver404@mail.com,9882399599,71,Approved
D0405,Driver 405,driver405,driver405@mail.com,9856970882,77,Approved
D0406,Driver 406,driver406,driver406@mail.com,9897260863,72,Approved
D0407,Driver 407,driver407,driver407@mail.com,9897477029,71,Approved
D0408,Driver 408,driver408,driver408@mail.com,9814164775,77,Approved
D0409,Driver 409,driver409,driver409@mail.com,9836757737,96,Approved
D0410,Driver 410,driver410,driver410@mail.com,9812735359,89,Approved
D0411,Driver 411,driver411,driver411@mail.com,9830452412,77,Approved
D0412,Driver 412,driver412,driver412@mail.com,9826941092,85,Approved
D0413,Driver 413,driver413,driver413@mail.com,9899853245,73,Approved
D0414,Driver 414,driver414,driver414@mail.com,9885694715,76,Approved
D0415,Driver 415,driver415,driver415@mail.com,9872415804,92,Approved
D0416,Driver 416,driver416,driver416@mail.com,9844392446,94,Approved
D0417,Driver 417,driver417,driver417@mail.com,9859512272,75,Approved
D0418,Driver 418,driver418,driver418@mail.com,9891321540,89,Approved
D0419,Driver 419,driver419,driver419@mail.com,9825372341,94,Approved
D0420,Driver 420,driver420,driver420@mail.com,9831980274,79,Approved
D0421,Driver 421,driver421,driver421@mail.com,9824508768,88,Approved
D0422,Driver 422,driver422,driver422@mail.com,9813446499,99,Approved
D0423,Driver 423,driver423,driver423@mail.com,9851870192,88,Approved
D0424,Driver 424,driver424,driver424@mail.com,9860372847,82,Approved
D0425,Driver 425,driver425,driver425@mail.com,9836619372,72,Approved
D0426,Driver 426,driver426,driver426@mail.com,9889470029,92,Approved
D0427,Driver 427,driver427,driver427@mail.com,9894187049,77,Approved
D0428,Driver 428,driver428,driver428@mail.com,9823676961,92,Approved
D0429,Driver 429,driver429,driver429@mail.com,9850477742,97,Approved
D0430,Driver 430,driver430,driver430@mail.com,9890585882,95,Approved
D0431,Driver 431,driver431,driver431@mail.com,9826247735,95,Approved
D0432,Driver 432,driver432,driver432@mail.com,9885958181,95,Approved
D0433,Driver 433,driver433,driver433@mail.com,9815512205,81,Approved
D0434,Driver 434,driver434,driver434@mail.com,9881503856,83,Approved
D0435,Driver 435,driver435,driver435@mail.com,9898787891,81,Approved
D0436,Driver 436,driver436,driver436@mail.com,9819255216,86,Approved
D0437,Driver 437,driver437,driver437@mail.com,9896911784,80,Approved
D0438,Driver 438,driver438,driver438@mail.com,9811698142,97,Approved
D0439,Driver 439,driver439,driver439@mail.com,9866379329,96,Approved
D0440,Driver 440,driver440,driver440@mail.com,9875793759,73,Approved
D0441,Driver 441,driver441,driver441@mail.com,9868186525,81,Approved
D0442,Driver 442,driver442,driver442@mail.com,9895306788,98,Approved
D0443,Driver 443,driver443,driver443@mail.com,9871705170,92,Approved
D0444,Driver 444,driver444,driver444@mail.com,9830534124,83,Approved
D0445,Driver 445,driver445,driver445@mail.com,9833640702,93,Approved
D0446,Driver 446,driver446,driver446@mail.com,9880027662,90,Approved
D0447,Driver 447,driver447,driver447@mail.com,9846249845,89,Approved
D0448,Driver 448,driver448,driver448@mail.com,9882232344,94,Approved
D0449,Driver 449,driver449,driver449@mail.com,9874893936,84,Approved
D0450,Driver 450,driver450,driver450@mail.com,9868461818,96,Approved
D0451,Driver 451,driver451,driver451@mail.com,9889520597,78,Approved
D0452,Driver 452,driver452,driver452@mail.com,9853258988,97,Approved
D0453,Driver 453,driver453,driver453@mail.com,9842949803,96,Approved
D0454,Driver 454,driver454,driver454@mail.com,9821631697,78,Approved
D0455,Driver 455,driver455,driver455@mail.com,9870505620,77,Approved
D0456,Driver 456,driver456,driver456@mail.com,9872372114,88,Approved
D0457,Driver 457,driver457,driver457@mail.com,9891917334,91,Approved
D0458,Driver 458,driver458,driver458@mail.com,9860867083,80,Approved
D0459,Driver 459,driver459,driver459@mail.com,9813852048,85,Approved
D0460,Driver 460,driver460,driver460@mail.com,9853622663,75,Approved
D0461,Driver 461,driver461,driver461@mail.com,9875437844,76,Approved
D0462,Driver 462,driver462,driver462@mail.com,9857623800,95,Approved
D0463,Driver 463,driver463,driver463@mail.com,9844675473,80,Approved
D0464,Driver 464,driver464,driver464@mail.com,9847535126,98,Approved
D0465,Driver 465,driver465,driver465@mail.com,9890014570,92,Approved
D0466,Driver 466,driver466,driver466@mail.com,9847080140,87,Approved
D0467,Driver 467,driver467,driver467@mail.com,9811362459,86,Approved
D0468,Driver 468,driver468,driver468@mail.com,9835643159,72,Approved
D0469,Driver 469,driver469,driver469@mail.com,9842394260,93,Approved
D0470,Driver 470,driver470,driver470@mail.com,9864549859,85,Approved
D0471,Driver 471,driver471,driver471@mail.com,9884514489,94,Approved
D0472,Driver 472,driver472,driver472@mail.com,9842255732,92,Approved
D0473,Driver 473,driver473,driver473@mail.com,9873900135,90,Approved
D0474,Driver 474,driver474,driver474@mail.com,9875876924,84,Approved
D0475,Driver 475,driver475,driver475@mail.com,9812314351,72,Approved
D0476,Driver 476,driver476,driver476@mail.com,9849491631,77,Approved
D0477,Driver 477,driver477,driver477@mail.com,9864277800,92,Approved
D0478,Driver 478,driver478,driver478@mail.com,9842655866,79,Approved
D0479,Driver 479,driver479,driver479@mail.com,9899115205,88,Approved
D0480,Driver 480,driver480,driver480@mail.com,9859529086,85,Approved
D0481,Driver 481,driver481,driver481@mail.com,9884285882,86,Approved
D0482,Driver 482,driver482,driver482@mail.com,9856138336,83,Approved
D0483,Driver 483,driver483,driver483@mail.com,9883871890,80,Approved
D0484,Driver 484,driver484,driver484@mail.com,9857219209,92,Approved
D0485,Driver 485,driver485,driver485@mail.com,9870900658,78,Approved
D0486,Driver 486,driver486,driver486@mail.com,9851154241,78,Approved
D0487,Driver 487,driver487,driver487@mail.com,9840942292,73,Approved
D0488,Driver 488,driver488,driver488@mail.com,9835848226,80,Approved
D0489,Driver 489,driver489,driver489@mail.com,9826046365,93,Approved
D0490,Driver 490,driver490,driver490@mail.com,9881922443,94,Approved
D0491,Driver 491,driver491,driver491@mail.com,9834850391,76,Approved
D0492,Driver 492,driver492,driver492@mail.com,9839042654,93,Approved
D0493,Driver 493,driver493,driver493@mail.com,9874988034,78,Approved
D0494,Driver 494,driver494,driver494@mail.com,9889133014,94,Approved
D0495,Driver 495,driver495,driver495@mail.com,9880415568,89,Approved
D0496,Driver 496,driver496,driver496@mail.com,9847983442,73,Approved
D0497,Driver 497,driver497,driver497@mail.com,9836054020,79,Approved
D0498,Driver 498,driver498,driver498@mail.com,9840532273,81,Approved
D0499,Driver 499,driver499,driver499@mail.com,9834084236,79,Approved
D0500,Driver 500,driver500,driver500@mail.com,9811898961,92,Approved
